Index	Dutch	English	Indonesian	v1894	v1904/1911	v1931	Swadesh	Swadesh_orig	remark
1	lichaam	body	badan, tubuh	4	4	1	FALSE		
2	hoofd	head	kepala	5	5	2	TRUE		
3	gezicht, aangezicht	face	muka, wajah	6	6	3	FALSE		
4	voorhoofd	forehead	dahi	24	25	4	FALSE		
5	schedel	skull	tempurung kepala	26	27	5	FALSE		
6	hoofdhaar	hair	rambut	72	73	6	TRUE		
7	knal	bald	gundul, botak	-	-	7	FALSE		
8	kruin (v.h.hoofd)	crown	hulu kepala	7	7	8	FALSE		
9	oor	ear	telinga	8	8	9	TRUE		
10	oorsmeer	earwax	tahi telinga	-	-	10	FALSE		
11	oog	eye	mata	9	9	11	TRUE		
12	ooglid	eyelid	kelopak mata	-	-	12	FALSE		
13	oogharen, winpers	eyelashes	bulu mata	-	-	13	FALSE		
14	wenkbrauwen	eyebrows	alis (jamak)	-	-	14	FALSE		
15	wenkbrauw	eyebrow	alis (tunggal)	25	26	-	FALSE		
16	tranen	tears	air mata (jamak)	-	-	15	FALSE		
17	traan	tear	air mata (tunggal)	10	10	-	FALSE		
18	neus	nose	hidung	11	11	16	TRUE		
19	neusgat	nostril	lubang hidung	-	-	17	FALSE		
20	snot	mucus	ingus	-	12	18	FALSE		
21	wang	cheek	pipi	23	24	19	FALSE		
22	mond	mouth	mulut	12	13	-	TRUE		
23	uitwendige mond	exterior part of the mouth	mulut bagian luar	-	-	20	FALSE		
24	Inwendige mond	interior part of the mouth	mulut bagian dalam	-	-	21	FALSE		
25	lippen	lips	bibir (jamak)	13	14	-	FALSE		
26	lip	lip	bibir	-	-	22	FALSE		
27	knevel	moustache	kumis	21	22	23	FALSE		
28	sik	goatee	janggut seperti, janggut kambing	22	23	-	FALSE		
29	kin	chin	dagu	19	20	24	FALSE		
30	baard	beard	janggut	20	21	25	FALSE		
31	tong	tongue	lidah	15	16	26	TRUE		
32	verhemelte	palate	langit-langit	16	17	27	FALSE		
33	tand	tooth	gigi	17	18	28	TRUE		
34	kies	molar	geraham	18	19	29	FALSE		
35	tandvlees	gums	gusi	-	-	30	FALSE		
33/35	tand (tandvlees) <unsp.>			17	18	-	FALSE		
36	hersenen	brains	otak	-	-	31	FALSE		
37	keel	throat	kerongkongan	14	15	32	FALSE		
38	hals	neck	leher	27	28	33	TRUE		
39	adamsappel	Adam's apple	jakun	-	-	34	FALSE		
40	nek	nape	tengkuk	-	-	35	FALSE		
41	borsten (mannen)	chest, breast (male)	dada (laki-laki, jamak)	34	36	-	TRUE	breast	
42	borsten (vrouwen)	breasts (female)	dada (perempuan, jamak)	34	36	-	TRUE	breast	typo: originally <perenpuan> in the Indonesian gloss
41/42	borsten < unsp. >	breasts	payudara	34	36	-	TRUE		
43	borst	breast	dada (tunggal)	-	-	36	TRUE		
44	vrouwenborst	breast (female)	dada (perempuan, tunggal) susu, payudara	-	-	37	FALSE		
45	tepel	nipple	puting susu	35	37	38	FALSE		
46	melk	breast milk	air susu	36	38	39	FALSE		
47	zog	breast milk	air susu	37	-	-	FALSE		
48	zuigen <aan de borst>	to suck at the breast	menyusu	38	39	40	FALSE		
49	zogen	to suckle	menyusui	-	-	41	FALSE		ocr error as menyusul
50	rib	rib	tulang rusuk	69	70	42	FALSE		
51	long	lung	paru-paru	-	-	43	FALSE		
52	hart	heart	jantung	29	31	44	TRUE		
53	maag	stomach	lambung	28	30	-	FALSE		
54	bulk	belly	perut	31	33	45	TRUE		
55	darmen	intestines	usus	-	-	46	TRUE	guts	
56	lever	liver	hati	30	32	47	TRUE		
57	gal	bile	empedu	-	29	48	FALSE		
58	milt	spleen	limpa	-	-	49	FALSE		ocr error as linpa
59	nier	kidney	buah pinggang, ginjal	-	-	50	FALSE		
60	zijde	side	sisi badan	-	-	51	FALSE		
61	navel	navel	pusat	32	34	52	FALSE		
62	navelstreng	umbilical cord	tali pusat	33	35	53	FALSE		ocr error as tall pusat
63	rug	back	belakang, punggung	39	40	54	TRUE		
64	ruggegraat	backbone, spine	tulang belakang	-	-	55	FALSE		
65	schouder	shoulder	bahu	-	-	56	FALSE		
66	schouderblad	shoulderblade	tulang belikat	43	44	-	FALSE		
67	achterste, billen	buttocks	pantat posterior	-	-	58	FALSE		
68	bil	buttock	pantat bagian kiri atau kanan	45	46	-	FALSE		ocr error as belgian but also fixed the Indonesian spelling to bagian
69	achterste	posterior, buttocks	pantat	44	45	-	FALSE		
70	stuit	tailbone, coccyx	tulang tungging, tulang ekor	46	47	57	FALSE		
71	aars	anus	dubur, lubang pantat	-	-	59	FALSE		
72	poepen	to defecate	berak	172	176	60	FALSE		
73	poep	faeces	tahi	173	177	61	FALSE		
74	wind, veest	fart	kentut	-	-	62	FALSE		
75	wind laten	to fart	berkentut	174	179	63	FALSE		
76	stinken	to stink, to smell	berbau busuk	-	178	64	FALSE		
77	penis	penis	batang pelir	47	48	65	FALSE		
78	vagina	vagina	puki, liang peranakan	48	49	67	FALSE		
79	testikel	testicle	buah pelir	-	-	66	FALSE		
80	coitus  uitoefenen (v.mensen)	to have intercourse	bersetubuh (manusia)	-	-	68	FALSE		
81	coitus uitoefenen (v.dieren)	to couple	bersetubuh (binatang)	-	-	68	FALSE		
80/81	coitus uitoefenen <unsp.>			-	-	68	FALSE		
82	pissen	to urinate	kencing (k.k.)	170	174	69	FALSE		
83	pis	piss, urine	air kencing (k.b.)	171	175	70	FALSE		
84	been	leg	kaki	49	50	-	TRUE		typo from leki
85	voet (met beneden been)	foot (plus lower leg)	kaki (sebelah bawah)	-	-	71	FALSE		
86	voet	foot	kaki	54	55	55	TRUE		typo from leki
87	voetzool	sole of the foot	telapak kaki	-	-	72	FALSE		
88	enkel	ankle	buku kaki, pergelangan kaki	55	56	73	FALSE		
89	hiel	heel	tumit	-	-	74	FALSE		
90	dij	thigh	paha	50	51	75	FALSE		
91	knie	knee	lutut	51	52	76	TRUE		
92	knieholte	back of the knee	(pe)lipatan lutut	-	-	77	FALSE		
93	knit	calf	betis	52	53	78	FALSE		
94	scheen	shin	tulang kering	53	54	79	FALSE		
95	arm	arm	lengan	40	41	-	FALSE		
96	hand (met beneden aim)	hand plus fore-arm	tangan (sebelah bawah)	-	-	80	FALSE		
97	hand	hand	tangan	56	57	-	TRUE		
98	bovenann	upper arm	pangkal lengan	-	-	81	FALSE		
99	oksel	armpit	ketiak	42	43	82	FALSE		
100	elleboog	elbow	siku	41	42	83	FALSE		
101	pols	wrist	pergelangan tangan	-	-	84	FALSE		
102	handpalm	palm of the hand	telapak tangan	57	58	85	FALSE		
103	lijnen in de hand	lines in the palm of the hand	rajah tangan	-	-	86	FALSE		
104	vinger	finger	jari tangan (tunggal)	-	-	87	FALSE		
105	vingers	fingers	jari tangan (jamak)	58	59	-	FALSE		
106	teen	toe	jari kaki	-	-	88	FALSE		
107	nagel	(finger)nail	kuku	59	60	89	FALSE		
108	duim	thumb	ibu jari	60	61	90	FALSE		
109	wijsvinger	index finger	telunjuk	61	62	91	FALSE		
110	middelvinger	middle finger	jari tengah	62	63	92	FALSE		
111	ringvinger	ring finger	jari manis	63	64	93	FALSE		
112	pink	little finger	kelingking	64	65	94	FALSE		
113	grote teen	the big toe	ibu jari kaki	-	-	95	FALSE		
114	kleine teen	the little toe	kelingking kaki	-	-	96	FALSE		
115	been (gebeente)	bone	tulang	65	66	97	TRUE		
116	bloed	blood	darah	66	67	98	TRUE		
117	vlees op het lichaam	flesh	daging	67	68	99	FALSE		
118	pees	tendon	urat	68	69	100	FALSE		
119	zenuw	nerve	syaraf	-	-	100	FALSE		
120	pees, zenuw	sinew, nerve	urat, syaraf	-	-	100	FALSE		
121	huid	skin	kulit	70	71	101	TRUE		
122	haar op het lichaam	body hair	bulu	71	72	102	FALSE		
123	haar op het lichaam (v. dieren)	body hair (animal)	bulu (binatang)	71	72	-	FALSE		
122/123	haar <unsp.>	hair	rambut	71	72	-	FALSE		
124	zweet	sweat	keringat	73	74	103	FALSE		
125	speeksel	saliva	ludah	74	75	104	FALSE		
126	fluim	phlegm	dahak	-	76	105	FALSE		
127	ademen	to breath	bernapas	115	116	106	FALSE		
128	eten	to eat	makan	116	117	107	TRUE	eat	
129	hongerig	hungry	lapar	734	752	108	FALSE		
130	drinken	to drink	minum	117	118	109	TRUE	drink	
131	dronken	drunk	mabuk	-	474	367	FALSE		
132	dorstig	thirsty	haus	736	754	110	FALSE		
133	verzadigd	satisfied	kenyang, puas	735	753	111	FALSE		
134	zat, verzadigd	replete, satisfied	kenyang, puas	-	119	-	FALSE		
135	bijten	to bite	gigit	-	-	112	TRUE	bite	
136	doorslikken	to swallow down	telan	-	-	113	FALSE		
137	slikken	to swallow	telan	118	120	-	FALSE		
138	slapen	to sleep	tidur	119	121	114	TRUE	sleep	
139	dromen	to dream	bermimpi	120	122	115	FALSE		ocr error as bermiupi
140	droom	dream	impian	120	122	116	FALSE		
139/140	dromen, droom <unsp.>	dream	mimpi	120	122	-	FALSE		
141	slaperig	sleepy	mengantuk	-	-	117	FALSE		
142	ontwaken	to wake up	sadar, bangun	-	-	118	FALSE		
143	opstaan	to get up	bangun dari duduk, tidur	-	-	119	FALSE		
144	staan	to stand	berdiri	121	123	120	TRUE	stand	
145	lopen	to walk	berjalan	122	124	121	TRUE	walk	
146	liggen op de rug	to lie supine	telentang	124	126	123	FALSE		
147	liggen op de buik	to lie prone	tiarap	125	127	124	FALSE		
148	liggen (in het algemeen)	to lie	berbaring	123	125	122	TRUE	lie	
149	zitten (op een stoel, bank etc.)	to sit (on a chair)	duduk (di atas kursi)	126	128	125	TRUE	sit	
150	zitten (met de benen kruiselings)	to sit (with the legs crossed)	bersila	127	129	126	TRUE	sit	
151	zitten (met de beide benen op zij en gebogen)	to sit (with the knees bent to one side)	bertimpuh	128	130	127	TRUE	sit	
152	hurken	to squat	berjongkok	129	131	128	FALSE		
153	zwemmen	to swim	berenang	131	133	129	TRUE	swim, to	
154	baden <intr.>	to take a bath	mandi	169	173	130	FALSE		
155	baden <trans.>	to wash	memandikan	-	-	131	TRUE	wash	
156	stotteren	to stammer	gagap	133	135	132	FALSE		
157	brouwen	to speak with a burr	berbicara dengan artikulasi uvular	134	136	-	FALSE		
158	stem	voice	suara	135	137	133	FALSE		
159	schor(hees)	hoarse	parau	-	716	134	FALSE		
160	schreeuwen	to shout	berteriak	136	138	-	FALSE		
161	lachen	to laugh	tertawa	137	139	135	TRUE	laugh	
162	uitlachen	to laugh at	menertawakan	-	-	136	FALSE		
163	schreien <intr.>	to weep	menangis	138	140	137	TRUE	cry	
164	bewenen <trans.>	to weep for	menangisi	-	-	138	FALSE		
165	glimlachen	to smile	tersenyum	139	141	139	FALSE		
166	zuchten	to sigh	berkeluh kesah, mengeluh	140	142	140	FALSE		
167	spugen, spuwen	to spit	meludah	141	143	141	FALSE		
168	braken	to vomit	muntah	-	-	142	TRUE	vomit	
169	niezen	to sneeze	bersin	142	144	143	FALSE		
170	hoesten	to cough	batuk	143	145	144	FALSE		
171	hikken	to hiccup	bersedu	-	-	145	FALSE		
172	hik	hiccups	tersedu	-	146	-	FALSE		
173	zich verslikken	to choke	tersedak	-	147	146	FALSE		
174	boer (oprisping)	belch	sendawa	-	148	147	FALSE		"typo in the original as serdawa; should be sendawa"
175	boeren	to belch	bersendawa	-	-	148	FALSE		"typo in the original as beserdawa; should be bersendawa"
176	gapen	to yawn	menguap	144	149	149	FALSE		
177	knikken	to nod	mengangguk	145	150	-	FALSE		
178	zwanger	pregnant	hamil	-	-	150	FALSE		
179	geboren worden	to be born	dilahirkan	-	-	151	FALSE		
180	nageboorte	after birth	tembuni, ari-ari	-	-	152	FALSE		
181	tweeling	twins	anak kembar	-	-	153	FALSE		
182	leven (levend)	to live (alive)	hidup	163	168	154	TRUE	live	
183	sterven	to die	meninggal dunia	161	166	155	TRUE	die	
184	dood (zelfstnw.)	death	kematian	164	169	-	FALSE		
185	dood (bijvn.)	dead	mati	165	-	155	FALSE		
183/185	sterven, dood (bijrvnw.) <unsp.>			-	-	155	FALSE		
186	dode	the deceased	orang mati	-	-	156	FALSE		
187	lijkvocht	liquid formed during decomposition of body	air mayat	-	-	157	FALSE		
188	lijk	corpse	mayat	162	167	-	FALSE		
189	doodkist	coffin	peti mati	-	-	158	FALSE		
190	begraven	to bury	mengubur	-	-	159	FALSE		
191	graf	grave	kuburan	244	242	160	FALSE		
192	doden	to kill	membunuh	166	170	161	TRUE	kill	
193	erven	to inherit	mewarisi	167	171	-	FALSE		
194	erfenis	inheritance	warisan	168	172	-	FALSE		
195	een wond toebrengen	to wound	melukai	-	-	162	FALSE		
196	wond	wound	luka	177	181	163	FALSE		
197	zweer	an infected wound	luka bernanah	178	182	-	FALSE		
198	litteken	scar	bekas luka	179	183	164	FALSE		
199	ziek	ill	sakit	730	748	165	FALSE		
200	ziek zijn	to be ill	merasa sakit	175	180	-	FALSE		
201	pijn hebben	to (be in) pain	merasa sakit	176	-	166	FALSE		
202	gezond	healthy	sehat	731	749	167	FALSE		
203	steenpuist	boil	bisul	180	184	168	FALSE		
204	koorts hebben	to be feverish	demam (k.k.)	-	-	169	FALSE		
205	koorts	fever	demam (k.b.)	181	185	-	FALSE		
206	buikpijn hebben	to have a stomach ache	sakit perut	-	-	170	FALSE		
207	buikpijn	stomach ache	sakit perut	182	186	-	FALSE		
208	buikloop hebben	to have diarrhoea	menceret	-	-	171	FALSE		
209	buikloop	diarrhoea	menceret (k.b.)	183	187	-	FALSE		
210	pokken	small pox	cacar	184	188	172	FALSE		
211	mazelen	measles	campak	185	189	-	FALSE		
212	zwelling, gezwollen	swelling, swollen	bengkak	-	-	173	TRUE	swell	
213	krop	goitre	gondong	-	-	174	FALSE		
214	uitslag	eruption (of rash)	ruam	186	190	-	FALSE		
215	schubziekte, ichtyosis	ichthyosis, tinea	kaskado	-	-	175	FALSE		
216	framboesia	framboesia	patek	-	-	176	FALSE		
217	schurft	scabies	kudis	-	-	177	FALSE		
218	lepra	leprosy	kusta	-	-	178	FALSE		
219	hoofdpijn	headache	sakit kepala, pusing	187	191	-	FALSE		
220	rheumatiek	rheumatism	sengal, encok	188	192	179	FALSE		
221	verkouden	to have a cold	sakit selesma	-	-	180	FALSE		
222	verkoudheid	a cold	selesma	189	193	-	FALSE		
223	slapen van de ledematen, slaap (mierenkriewel)	gone to sleep (limbs)	kesemutan	191	195	181	FALSE		
224	kramp	cramp	kejang	190	194	-	FALSE		
225	verlamd	paralysed	lumpuh	192	196	182	FALSE		
226	kreupel	crippled	timpang	-	-	183	FALSE		
227	stom	mute	bisu	193	197	184	FALSE		
228	doof	deaf	tuli	194	198	185	FALSE		
229	blind	blind	buta	195	199	186	FALSE		
230	de ogen sluiten	to shut the eyes	memejamkan mata	-	-	187	FALSE		
231	scheel	squinting	juling	196	200	188	FALSE		
232	genezen	cured	sembuh	197	201	189	FALSE		
233	geneesmiddel (artzenij zelf)	medicine	obat	198	-	-	FALSE		
234	geneesmiddel (met toverkracht)	medicine (with magic power)	obat (dari dukun)	199	202	-	FALSE		
233/234	geneesmiddel < unsp.>			-	-	190	FALSE		
235	dokter (dukun)	doctor (medicine man)	dokter (dukun)	200	203	-	FALSE		
236	mens (in de zin van mensdom)	man, mankind	manusia	1	1	-	FALSE		
237	mens (in de zin van de mensen werden gedood)	people	orang	2	2	-	FALSE		
238	mens (in de zin van de mensen v. het gebergte zijn onze vijanden)	people	orang	3	3	-	FALSE		
236-238	mens <unsp.>			-	-	191	FALSE		
239	naam	name	nama	113	114	192	TRUE		
240	bijnaam	nickname	julukan	114	115	-	FALSE		
241	man	man	orang laki-laki	75	77	193	TRUE		
242	vrouw	woman	orang perempuan	76	78	194	TRUE		
243	mannelijk (v.d. mens)	male (human)	laki-laki	110	111	195	FALSE		
244	mannelijk (v.d.dieren)	male (animal)	jantan	110	111	195	FALSE		
243/244	mannelijk <unsp.>	male	pria	110	111	195	FALSE		
245	vrouwelijk (v.d.mens)	female (human)	perempuan	112	113	196	FALSE		
246	vrouwelijk (v.d. dieren)	female (animal)	betina	112	113	196	FALSE		
245/246	vrouwelijk <unsp.>	female	perempuan	112	113	196	FALSE		
247	jongeling	youth (male)	pemuda (laki-laki)	-	-	197	FALSE		
248	maagd	virgin	gadis	77	79	-	FALSE		
249	maagdom	virginity	perawan, kegadisan	77	79	-	FALSE		
248/249	maagd, maagdom <unsp.>			77	79	-	FALSE		
250	jongen	boy, lad	anak laki-laki	78	80	-	FALSE		
251	jong meisje	young girl	gadis kecil	-	-	198	FALSE		
252	meisje	girl	gadis	79	81	-	FALSE		
253	oude man	old man	laki-laki tua	-	-	199	FALSE		
254	oude vrouw	old woman	perempuan tua	-	-	200	FALSE		
255	vader	father	ayah	80	82	201	TRUE		
256	moeder	mother	ibu	81	83	202	TRUE		
257	oudste kind	oldest child	anak sulung	82	84	204	FALSE		
258	jongste kind	youngest child	anak bungsu	82	84	205	FALSE		
257/258	kind <unsp.>	child	anak	82	84	203	TRUE		
259	klein kind (man)	little child (male)	kanak-kanak (laki-laki)	-	-	206	FALSE		
260	klein kind (vrouw)	little child (female)	kanak-kanak (perempuan)	-	-	206	FALSE		
259/260	klein kind <unsp.>			-	-	206	FALSE		
261	zoon	son	anak laki-laki	83	85	-	FALSE		
262	dochter	daughter	anak perempuan	84	86	-	FALSE		
263	grootvader	grandfather	nenek laki-laki (kakek)	85	87	207	FALSE		
264	grootmoeder	grandmother	nenek perempuan (nenek)	89	90	208	FALSE		
265	betovergrootouders	great-great-grandparents	buyut	87	-	-	FALSE		
266	overgrootouders	great-grandparents	moyang	86	88	-	FALSE		
267	voorouders	ancestors	leluhur, nenek moyang	88	89	-	FALSE		
268	broeder	brother	saudara laki-laki	90	91	-	TRUE		
269	zuster	sister	saudara perempuan	91	92	-	TRUE		
270	oudere broeder	older brother	kakak laki-laki (kandung)	92	93	209	FALSE		
271	oudere zuster	older sister	kakak perempuan (kandung)	92	93	209	FALSE		
270/271	oudere broeder, zuster <unsp.>			92	93	209	TRUE	older brother/sister	
272	jongere broeder	younger brother	adik laki-laki (kandung)	93	94	210	FALSE		
273	jongere zuster	younger sister	adik perempuan (kandung)	93	94	210	FALSE		
272/273	jongere broeder, zuster <unsp.>			93	94	210	TRUE	younger brother/sister	
274	kleinkind	grandchild	cucu	94	95	211	FALSE		
275	oom <FB>	uncle FB	paman FB	95	96	212	FALSE		
276	oom <MB>	uncle MB	paman MB	95	96	212	FALSE		
275/276	oom <unsp.>	uncle	paman	95	96	212	FALSE		
277	oom <FBo>	uncle FBo	paman FBo	96	97	-	FALSE		
278	oom <FBy>	uncle FBy	paman FBy	96	97	-	FALSE		
279	oom <MBo>	uncle MBo	paman MBo	96	97	-	FALSE		
277/279	oom <unsp.>			96	97	-	FALSE		
280	oom <MBy>	uncle MBy	paman MBy	96	97	-	FALSE		
277-280	oom <unsp.>			96	97	-	FALSE		
278/280	oom <unsp.>			96	97	-	FALSE		
281	tante <FZ>	aunt FZ	bibi FZ	97	98	213	FALSE		
282	tante <MZ>	aunt MZ	bibi MZ	97	98	213	FALSE		
281/282	tante <unsp.>	aunt	tante	97	98	213	FALSE		
283	tante <FZo>	aunt FZo	bibi FZo	97	98	-	FALSE		
284	tante <FZy>	aunt FZy	bibi FZy	97	98	-	FALSE		
285	tante <MZo>	aunt MZo	bibi MZo	97	98	-	FALSE		
283/285	tante <unsp.>			97	98	-	FALSE		
286	tante <MZy>	aunt MZy	bibi MZy	97	98	-	FALSE		
284/286	tante <unsp.>			97	98	-	FALSE		
281-286	tante <unsp.>			97	98	-	FALSE		
283-286	tante <unsp.>			97	98	-	FALSE		
287	neef <BoS>	nephew BoS	kemenakan (laki-laki) BoS	98	99	-	FALSE		
288	neef <ByS>	nephew ByS	kemenakan (laki-laki) ByS	98	99	-	FALSE		
289	neef <ZoS>	nephew ZoS	kemenakan laki-laki ZoS	98	99	-	FALSE		
287/289	neef <unsp.>			98	99	-	FALSE		
290	neef <ZyS>	nephew ZyS	kemenakan laki-laki ZyS	98	99	-	FALSE		
288/290	neef <unsp.>			98	99	-	FALSE		
287-290	neef <unsp.>			98	99	215	FALSE		
291	nicht <BoD>	niece BoD	kemenakan perempuan BoD	99	100	-	FALSE		
292	nicht <ByD>	niece ByD	kemenakan perempuan ByD	99	100	-	FALSE		
293	nicht <ZoD>	niece ZoD	kemenakan perempuan ZoD	99	100	-	FALSE		
291/293	nicht <unsp.>			99	100	-	FALSE		
294	nicht <ZyD>	niece ZyD	kemenakan perempuan ZyD	99	100	-	FALSE		
292/294	nicht <unsp.>			99	100	-	FALSE		
291-294	nicht <unsp.>			99	100	215	FALSE		
287-294	neef, nicht <unsp.>			-	-	215	FALSE		
295	neef <FB/FZS, MB/MZS>	cousin FB/FZS MB/MZS	saudara sepupu laki-laki FB/FZS, MB/MZS	98	99	214	FALSE		
287-290/295	neef <unsp.>			98	99	-	FALSE		
296	nicht <FB/FZD, MB/FZD>	cousin FB/FZD MB/MZD	saudara sepupu perempuan FB/FZD, MB/MZD	98	99	214	FALSE		
295/296	neef, nicht  <unsp.>			-	-	214	FALSE		
291-294/296	nicht <unsp.>			99	100	-	FALSE		
297	schoonouders	parents-in-law	mertua	-	100a	216	FALSE		
298	wederzijdse ouders der gehuwden	respective parents of the married couple	besan	-	100a	217	FALSE		
297/298	schoonouders wederzijdse ouders der gehuwden <unsp.>			-	100a	-	FALSE		
299	schoonzoon	son-in-law	menantu laki-laki	100	101	-	FALSE		
300	schoondochter	daughter-in-law	menantu perempuan	101	102	-	FALSE		
301	schoonkind	son or daughter-in-law	menantu	-	-	218	FALSE		
302	stiefzoon	stepson	anak tiri laki-laki	102	103	-	FALSE		
303	stiefdochter	stepdaughter	anak tiri perempuan	102	103	-	FALSE		
302/303	stiefzoon, stiefdochter <unsp.>			102	103	-	FALSE		
304	stiefouders	stepparents	ayah dan ibu tiri	103	104	-	FALSE		
305	aangenomen kind	adopted child	"anak pungut ; anak angkat"	104	105	-	FALSE		
306	zwager <WB>	brother-in-law WB	ipar laki-laki WB	-	-	219	FALSE		
307	zwager <HB>	brother-in-law HB	ipar laki-laki HB	-	-	219	FALSE		
306/307	zwager <unsp.>			-	-	219	FALSE		
308	zwager <WZH>	brother-in-law WZH	biras laki-laki WZH	-	-	219	FALSE		
309	zwager <HZH>	brother-in-law HZH	biras laki-laki HZH	-	-	219	FALSE		
306-309	zwager <unsp.>			105	106	219	FALSE		
308/309	zwager <unsp.>			-	-	219	FALSE		
310	schoonbroer	brother-in-law	ipar laki-laki	106	107	-	FALSE		
311	schoonzuster <HZ>	sister-in-law HZ	ipar perempuan HZ	-	-	220	FALSE		
312	schoonzuster <WZ>	sister-in-law WZ	ipar perempuan WZ	-	-	220	FALSE		
311/312	schoonzuster <unsp.>			-	-	220	FALSE		
313	schoonzuster <HBW>	sister-in-law HBW	biras perempuan HBW	-	-	220	FALSE		
314	schoonzuster <WBW>	sister-in-law WBW	biras perempuan WBW	-	-	220	FALSE		
310/314	schoonbroer, schoonzuster <unsp.>			106	107	-	FALSE		
313/314	schoonzuster <unsp.>			-	-	220	FALSE		
311-314	schoonzuster <unsp.>			106	107	220	FALSE		
315	verwant	related	keluarga	107	108	221	FALSE		
316	niet verwant	unrelated	bukan keluarga	108	109	-	FALSE		
317	man (echtgenoot)	husband	suami	109	110	222	TRUE		
318	vrouw (echtgenote)	wife	istri	111	112	223	TRUE		
319	vriend	friend	teman, sahabat	-	-	224	FALSE		
320	metgezel, vriend	comrade, friend	sekutu, teman	-	577	-	FALSE		
321	metgezel, makker	comrade, mate	sekutu, teman	-	-	659	FALSE		
322	vriendin	friend (female)	sahabat, teman perempuan	-	-	225	FALSE		
323	gast	guest	tamu	-	-	226	FALSE		
324	gast, vreemdeling	guest, stranger	tamu, orang asing	-	689	-	FALSE		
325	dorp	village	desa, kampung	-	-	227	FALSE		
326	land (staat)	country	negara	585	597	-	FALSE		
327	stad (of hoofdplaats)	town (capital)	kota (ibu kota)	587	599	-	FALSE		
328	hoofddorp	main village	desa utama	588	-	-	FALSE		
329	bijdorp (gehucht)	hamlet	dukuh	589	600	228	FALSE		
330	volk (volksstam)	people (tribe)	rakyat, bangsa (suku bangsa)	586	598	229	FALSE		
331	tovenaar (of bezweerder)	sorcerer	tukang sihir	201	204	-	FALSE		
332	talisman	talisman	jimat	202	205	-	FALSE		
333	toverspreuk	incantation	mantera	203	206	-	FALSE		
334	toverstok	magic wand	tongkat mantera	204	207	-	FALSE		
335	boek (met toverspreuken)	magic book	buku mantera	205	208	-	FALSE		
336	heilig boek (of toverboek)	sacred, magic writings	tulisan suci	222	-	-	FALSE		
337	afgodsbeeld	idol	patung pemujaan	206	209	-	FALSE		
338	voorteken	omen	pertanda	208	211	-	FALSE		
339	spook	ghost	setan	209	212	-	FALSE		
340	goede geest	spirit	ruh baik	212	215	-	FALSE		
341	kwade geest	evil spirit	ruh jahat	207/213	210	-	FALSE		
342	vampier (heks, weerwolf)	vampire (witch, werewolf)	suanggi	-	216	230	FALSE		
343	ziel, geest (v.e. levende)	soul, spirit	jiwa, nyawa, ruh	-	-	231	FALSE		
344	ziel, geest (v.e. dode)	soul, ghost	ruh orang mati	-	-	231	FALSE		
343/344	ziel, geest (v.e. levende, v.e. dode) <unsp.>			214	217	231	FALSE		
345	opperwezen	the supreme being	yang maha kuasa	215	218	-	FALSE		
346	geloof	religion	agama	216	-	-	FALSE		
347	aanbidden	to worship	menyembah	217	219	-	FALSE		
348	levensgeest, levenskracht	vital spirit, vitality	semangat	-	-	233	FALSE		
349	god	god	"allah ; tuhan"	-	-	234	FALSE		I add a generic term tuhan for god
350	voorouderbeeld	statue representing an ancestor/ancestors	patung nenek moyang	-	-	235	FALSE		
351	schrift	writing	tulisan	218	220	-	FALSE		
352	letter	letter	huruf	219	221	-	FALSE		
353	papier	paper	kertas	220	222	-	FALSE		
354	brief	letter	surat	223	224	-	FALSE		
355	boek (in alg.zin)	book	buku	221	223	-	FALSE		
356	verhaal	story	cerita	224	225	236	FALSE		
357	geschiedsverhaal, legende	history, legend	sejarah, legenda	225	-	-	FALSE		
358	gedicht (of rijmwerk)	poem	sanjak, syair	226	227	-	FALSE		
359	zangwijs	tune, melody	nyanyian	227	228	-	FALSE		
360	hemel	heaven	sorga	228	-	-	FALSE		
361	hel	hell	neraka	229	-	-	FALSE		
362	onderwereld of ander zielenland	underworld	dunia orang mati	230	229	232	FALSE		
363	benedenwereld	underworld	dunia orang mati	232	-	-	FALSE		
364	bovenwereld	the upper world	"dunia atas ; kayangan"	231	230	-	FALSE		
365	bevolking	population	penduduk	233	231	-	FALSE		
366	leven hiernamaals	the afterlife	kehidupan setelah mati	234	232	-	FALSE		
367	deugd (goed zijn)	virtue	kebajikan	235	233	-	FALSE		
368	zonde (kwaad doen)	sin	dosa	236	234	237	FALSE		
369	verboden (onrein)	forbidden	pantangan, pemali	237	235	-	FALSE		
370	verboden (pemali, tabu)	forbidden, taboo	pemali	238	236	238	FALSE		
371	priester	priest	pemimpin agama laki-laki	239	237	239	FALSE		
372	priesteres	priestess	pemimpin agama perempuan	240	238	239	FALSE		
371/372	priester, priesteres <unsp.>			-	-	239	FALSE		
373	toverpriester, sjamaan	shaman	balian, dukun	-	-	240	FALSE		
374	tempel	temple	kuil	241	239	241	FALSE		
375	heilige plaats	holy place	tempat suci	242	240	-	FALSE		
376	nederzetting	settlement	pemukiman	590	-	-	FALSE		
377	raadhuis	town hall	balai kota	591	601	-	FALSE		
378	koning	king	raja	593	603	-	FALSE		
379	patih	a sort of first minister	patih	594	604	-	FALSE		
380	mantri	mantri	mantri	595	605	-	FALSE		
381	hulubalang	guard	hulubalang	596	607	-	FALSE		
382	plaats (die gevreesd wordt)	(sacred) place (held in awe)	tempat (menyeramkan)	243	241	-	FALSE		
383	dorphuis	village hall	balai dusun	-	-	242	FALSE		
384	mannenhuis	men's house	balai/rumah laki-laki	-	-	243	FALSE		
385	vrouwenhuis	women's house	balai/rumah perempuan	-	-	244	FALSE		
386	dorpshoofd	village head	kepala kampung	597	608	245	FALSE		
387	stam of ander hoofd	chieftain	penghulu	-	-	246	FALSE		
388	adellijke	nobleman	bangsawan	598	609	247	FALSE		
389	oudsten	village elders	orang tua-tua	599	610	248	FALSE		
390	krijgsman	warrior	pahlawan perang	600	619	-	FALSE		
391	geluk	happiness	kebahagiaan	210	213	-	FALSE		
392	ongeluk	unhappiness	kesedihan, kemalangan	211	214	-	FALSE		
393	vrije <vs. slaaf>	free man	orang merdeka (vs. budak)	601	620	-	FALSE		
394	slaaf	slave	budak	602	621	249	FALSE		
395	gewoonte, gebruik	custom	adat, kebiasaan	-	-	250	FALSE		
396	gewoonterecht	common law	hukum adat	604	623	-	FALSE		
397	misdadiger	criminal	penjahat	606	624	251	FALSE		
398	veroordelen	to judge	mengadili	607	-	-	FALSE		
399	straffen	to punish	menghukum	608	625	252	FALSE		
400	boete	fine	denda	609	626	253	FALSE		
401	getuige	witness	saksi	610	627	-	FALSE		
402	rechter	judge	hakim	611	628	-	FALSE		
403	pandeling	credit bondsman	orang tergadai	603	622	254	FALSE		
404	lijkfeest	funeral ceremony	upacara kematian, pemakaman	245	243	255	FALSE		
405	besnijden	to circumcise	menyunat	-	-	256	FALSE		
406	tandenvijlen en snijden	filing of the teeth	potong gigi	-	-	257	FALSE		
407	huwen (v.d. man) huwelijk	to marry, to take a wife, marriage	kawin/menikah, berbini, perkawinan	-	-	258	FALSE		
408	huwen (v.d. vrouw) huwelijk	to marry, to take a husband, marriage	kawin/menikah, berlaki, perkawinan	-	-	258	FALSE		
407/408	huwen <unsp.> huwelijk	marry, marriage	menikah, perkawinan	246	244	258	FALSE		
409	uithuwelijken	to give in marriage	mengawinkan	-	-	259	FALSE		
410	scheiden	to divorce	bercerai	247	245	260	FALSE		
411	bruidsschat	bride price	mas kawin	248	246	261	FALSE		
412	trouwbelofte	betrothal	perjanjian	249	247	-	FALSE		
413	baren (bevallen)	to give birth to	melahirkan	250	248	262	FALSE		
414	vroedvrouw	midwife	bidan	251	249	-	FALSE		
415	overspel bedrijven	to commit adultery	berzinah	252	250	263	FALSE		
416	lichtekooi	prostitute	pelacur	255	253	-	FALSE		
417	dansmeid	dancing girl	gadis penari	253	251	-	FALSE		
418	masker	mask	topeng	254	252	264	FALSE		
419	viool (rebab)	violin	biola (rebab)	256	254	-	FALSE		
420	fluit	flute	suling	257	255	265	FALSE		
421	trom	drum	genderang	258	256	266	FALSE		
422	tamboerijn	tambourine	tambur	259	257	-	FALSE		
423	gambang	xylophone	gambang	260	258	-	FALSE		
424	gong	gong	gong	261	259	-	FALSE		
425	tritonschelp	conch shell	sangka yang ditiup (terompet dari keong)	-	-	267	FALSE		
426	mondtrom	Jew's harp	ginggung (genggong)	262	260	268	FALSE		
427	hoorn	horn	terompet	263	261	-	FALSE		
428	dansen	to dance	menari	264	262	269	TRUE	dance	
429	liedje	song	lagu	-	-	270	FALSE		
430	raadsel	riddle	teka-teki	-	226	271	FALSE		
431	raadsel opgeven	to ask a riddle	berteka-teki	-	-	272	FALSE		
432	spelen	to play	bermain	-	263	273	TRUE	play	
433	tol	top	gasing	-	264	274	FALSE		
434	tollen	to spin a top	bermain gasing	-	-	275	FALSE		
435	hinken	to hop	melompat, meloncat	-	-	276	FALSE		orig. menjengget
436	kuitschoppen en slaan	to kick/to hit a person on the calves (k.o. play)	baku benteh	-	-	277	FALSE		
437	huis	house	rumah	265	265	278	FALSE		
438	hut (op het veld enz.)	hut, shelter	pondok	266	266	279	FALSE		
439	dak	roof	atap	267	-	-	FALSE		
440	nok van het dak	ridge of roof	bubungan	-	267	280	FALSE		
441	dakbedekking atap:	roofing: thatch	atap	268	268	281	FALSE		
442	dakbedekking: gespleten bamboe	roofing: bamboo lath	atap: bilah, pelupuh bambu	268	268	-	FALSE		
441/442	dakbedekking <unsp.>	roofing	atap	268	268	-	FALSE		add. Malay
443	dakbedekking: sirap hout	roofing: wood	atap: sirap (kayu)	269	269	-	FALSE		
444	dakbedekking: sirap boomschors	roofing: bark	atap: sirap (kulit kayu)	269	269	-	FALSE		
443/444	dakbedekking sirap <unsp.>			269	269	-	FALSE		
445	dakbedekking: andere soorten	roofing: other materials	atap: dari bahan lain	-	-	281	FALSE		
441/445	dakbedekking <unsp.>			-	-	281	FALSE		
446	dakspar	rafter	kasau	-	270	282	FALSE		
447	voorgalerij	porch	beranda, serambi	-	-	283	FALSE		
448	deuropening	door opening	pintu	-	-	284	FALSE		
449	deur	door	daun pintu	270	271	-	FALSE		
450	vensteropening	window opening	"jendela; lobang jendela"	-	-	285	FALSE		
451	venster	window	jendela	271	272	-	FALSE		
452	hoek	corner	sudut	-	273	286	FALSE		
453	trap	staircase, steps	tangga, anak tangga	272	274	287	FALSE		add. anak tangga
454	ladder	ladder	tangga	273	275	287	FALSE		
453/454	trap of ladder (boomladder) <unsp.>			-	-	287	FALSE		
455	opklimmen (in huis)	to climb into a house	naik ke rumah	-	-	288	FALSE		
456	vloer (van gespleten bamboe)	floor (made from bamboo lath)	lantai (dari bambu)	274	276	-	FALSE		
457	vloer (van hout)	floor (made from wood)	lantai (dari kayu)	274	276	-	FALSE		
456/457	vloer <unsp.>	floor	lantai	274	276	289	FALSE		
458	omwanding (planken)	wall (plank wall)	dinding (papan)	275	277	-	FALSE		
459	omwanding (bamboe)	wall (bamboo wall)	dinding (bilik)	275	277	-	FALSE		
458/459	omwanding <unsp.>			275	277	290	FALSE		
460	gaba-gaba	midrib of palm frond	gaba-gaba	-	-	291	FALSE		
461	hoofdstijlen	main posts	tiang rumah	276	278	292	FALSE		
462	zolderbalken	ceiling beams	langit-langit rumah, tutup jenang	277	279	293	FALSE		
463	bed	bed	tempat tidur	280	-	-	FALSE		
464	gordijn	curtain	tirai	281	282	-	FALSE		
465	slaapplaats	sleeping place	kamar tidur	282	283	-	FALSE		
466	kamertje	small room	kamar	-	-	294	FALSE		
467	rolkussen	cylindrical bolster	(bantal) guling	295	-	-	FALSE		add. bantal
468	ligmatje	sleeping mat	tikar	296	297	295	FALSE		
469	hoofdkussen	pillow	bantal	291	293	296	FALSE		
470	zit-en ligplaats	couch	bale-bale	283	284	297	FALSE		
471	pendopo	front verandah	pendopo	284	285	-	FALSE		
472	zolder (onder het dak)	attic (under the roof)	loteng	285	286	298	FALSE		
473	zolderrek boven het vuur, rekje boven de haard	rack above the fireplace	para-para	285	286	299	FALSE		
472/473	zolder, zolderrek <unsp.>			285	286	-	FALSE		
474	kookplaats	hearth, fireplace	dapur, tungku	286	287	300	FALSE		
475	vuur	fire	api	287	288	301	TRUE		
476	brand	fire	api, kebakaran	288	289	-	TRUE		
477	vuur aanleggen	to make a fire	memasang api	287	288	302	FALSE		
478	vuur blussen	to extinguish (with water)	memadamkan api (dengan air)	287	288	-	FALSE		
475/477/478	vuur, vuur aanleggen, vuur blussen <unsp.>			287	288	-	FALSE		
479	vuur uitdoven, vuur blussen	to extinguish	memadamkan api	-	-	303	FALSE		
480	vuur aanblazen	to blow on a fire	meniup api	-	-	304	FALSE		
481	uit (van vuur)	extinguished	padam	-	-	305	FALSE		
482	rook	smoke	asap	-	290	306	TRUE		
483	as	ashes	abu	289	291	307	TRUE		
484	brandhout	fire wood	kayu api	290	292	308	FALSE		
485	aansteken (licht)	to put on (light)	menyalakan (sinar)	293	295	-	FALSE		
486	uitdoen (licht)	to put off (light)	memadamkan (sinar)	294	296	-	FALSE		
487	ruimte onder het huis	space under the house	kolong rumah	278	280	309	FALSE		
488	bedgordijn	bed curtain	kelambu	297	298	-	FALSE		
489	zitbankje	bench, seat	bangku untuk duduk	298	299	-	FALSE		
490	bouwen	to build	membangun	-	-	310	FALSE		
491	afbreken	to pull down (house)	merobohkan	-	-	311	FALSE		
492	klapperdop	coconut shell	tempurung kelapa	-	-	312	FALSE		
493	pan (ijzeren)	pot (iron)	kuali (besi), panci (besi)	310	312	-	FALSE		
494	pan (aarden)	pot (earthenware)	panci, kuali (tanah liat)	311	313	-	FALSE		
495	rijstketel (koperen, dandang)	rice kettle (copper)	dandang	312	314	-	FALSE		
496	rijstketel (aarden, koendija)	rice kettle (earthenware)	kundia	312	314	-	FALSE		
495/496	rijstketel <unsp.>			312	314	-	FALSE		
497	bord	dish	piring	313	315	313	FALSE		
498	kopje	cup	cangkir	314	316	-	FALSE		
499	drinknap	drinking bowl	tempat minum	315	317	314	FALSE		
500	trekpot	(tea) pot	poci, teko	316	-	-	FALSE		
501	schotel (van aardewerk, grote)	saucer (earthenware)	pinggan	317	318	-	FALSE		
502	schotel (aarden kleine)	small saucer (earthenware)	pinggan kecil	317	318	-	FALSE		
501/502	schotel <unsp.>			317	318	315	FALSE		
503	koperen schotel	copper saucer	pinggan tembaga	317	318	-	FALSE		
501-503	schotel <unsp. >			317	318	-	FALSE		
504	koperen schaal (met of zonder voet)	copper dish	nampan, cerana, talam	-	-	316	FALSE		
505	mes	knife	pisau	299	300	317	FALSE		
506	hakmes	chopper	parang	300	301	318	FALSE		
507	dolk (kris)	kris	keris	302	304	-	FALSE		
508	dolk (badi-badi)	dagger	golok	303	305	-	FALSE		
509	bijl	axe, hatchet	kapak	-	306	476	FALSE		
510	lepel	spoon	sendok	318	319	319	FALSE		
511	scheplepel, schepper	ladle	ciduk, sendok	319	320	320	FALSE		
512	bamboe koker voor water	bamboo water container	bumbung, perian	-	-	321	FALSE		
513	water halen	to fetch water	mengambil air	-	583	322	FALSE		
514	mand (grote, kleine, soorten)	basket (all sorts of)	keranjang (bermacam-macam)	320	321	323	FALSE		
515	lamp	lamp	lampu	321	322	324	FALSE		
516	lampepit	lamp wick	sumbu lampu	322	323	-	FALSE		
517	fakkel	torch	suluh	323	324	325	FALSE		
518	kist	case	peti	-	-	326	FALSE		
519	doos	box, case	kotak, dos	327	328	-	FALSE		
520	kist voor kleren	case for cloth	peti pakaian	324	325	-	FALSE		
521	kookpot	cooking pot	belanga	-	-	327	FALSE		
522	pot	pot, jar	periuk	325	326	-	FALSE		
523	potten bakken	to fire pottery	membakar belanga	-	-	328	FALSE		
524	tempajan	earthen water barrel	tempayan	326	327	329	FALSE		
525	koken (in bamboe)	to cook in bamboo container	melemang	-	-	330	TRUE	cook	
526	koken (in een pot)	to cook (in pot)	merebus	-	-	330	TRUE	cook	
527	koken (stomen)	to steam	mengukus	-	-	330	FALSE		
525-527	koken <unsp.>	to cook	memasak	328	329	330	FALSE		
528	braden	to bake, to grill, to fry	membakar, panggang menggoreng (dengan minyak)	329	330	-	FALSE		
529	poffen	to roast (in ashes)	bembam	330	331	331	FALSE		
530	roosteren	to grill, to roast	panggang	331	332	332	FALSE		
531	bakken	to bake	membakar	-	-	333	FALSE		
532	gaar	done	masak	-	-	334	FALSE		
533	ongaar	half done	setengah masak, mentah	-	-	335	FALSE		
534	spijs(eten)	food	makanan	332	333	336	FALSE		
535	reisvoorraad, proviand	provisions	bekal	333	334	337	FALSE		
536	toespijs	side-dish	lauk-pauk	334	335	-	FALSE		
537	groente	vegetables	sayuran	344	346	338	FALSE		
538	vleesspijs	meat	daging	-	-	339	TRUE		
539	vlees (rauw)	meat (raw)	daging (mentah)	335	336	-	FALSE		
540	gedroogd vlees	dried meat	dendeng	335	336	340	FALSE		
539/540	vlees <unsp. >	meat	daging	335	336	-	FALSE		
541	vis (in het algemeen of in tegenstelling van vlees)	fish	ikan	336/404	337	341	TRUE		
542	rijst te velde	rice plant	padi yang belum diketam	-	-	342	FALSE		
543	rijst in de halm	harvested rice	padi yang sudah diketam	-	338	343	FALSE		
544	gepelde rauwe rijst	husked rice	beras	337	338	344	FALSE		
545	gekookte rijst	cooked rice	nasi	337	338	345	FALSE		
544/545	rijst (gepelde rauwe rijst, gekookte rijst) <unsp.>	rice (husked raw rice, cooked rice)	nasi (beras mentah, nasi matang)	337	-	-	FALSE		
543-545	rijst (rijst in de halm, gepelde rauwe rijst, gekookte rijst <unsp.>			-	338	-	FALSE		
546	padi	unhusked rice	padi	454	456	-	FALSE		
547	halm	stalk	tangkai padi, batang padi	455	457	346	FALSE		
548	aar	ear of rice, corn	bulir, mayang	456	458	347	FALSE		
549	rijstschuur, padischuur	rice barn	lumbung beras, lumbung padi	279	281	348	FALSE		
550	rijstblok	rice pounder, mortar	lesung	338	339	349	FALSE		
551	stamper	pounder	alu	338	339	350	FALSE		
550/551	rijstblok, stamper <unsp.>			338	339	-	FALSE		
552	stampen	to pound	menumbuk (padi)	-	-	351	FALSE		
553	wan	sieve for rice	nyiru	-	340	352	FALSE		
554	kaf	chaff	sekam	-	341	353	FALSE		
555	malen	to grind	menggiling	339	342	354	FALSE		
556	rijstepap	rice porridge	bubur nasi	-	-	355	FALSE		
557	sagomeel	sago flour	tepung sagu	-	-	356	FALSE		
558	sagopap	sago porridge	bubur sagu	-	-	357	FALSE		
559	gebakken sago	baked sago	sagu bakar	-	-	358	FALSE		
560	koek	cake	kue	341	-	-	FALSE		
561	pap	porridge	bubur	340	343	-	FALSE		
562	peper (zwarte)	black pepper	lada hitam	342	344	-	FALSE		
563	zout (subst.)	salt	garam	343	345	360	TRUE		
564	ampas	coconut pulp	ampas (kelapa)	-	-	368	FALSE		
565	sarong	sarong	sarung	415	418	369	FALSE		
566	kain	cloth	kain	-	-	370	FALSE		
567	broek	trousers	celana	416	419	371	FALSE		
568	kabaai	kebaya	kebaya	417	-	-	FALSE		
569	baadje (voor vrouwen)	jacket (for women)	baju perempuan	-	-	372	FALSE		
570	baadje (voor mannen)	jacket (for men)	baju laki-laki	-	-	372	FALSE		
569/570	baadje <unsp.>			-	420	372	FALSE		
571	hoofddoek (voor vrouwen)	head cloth (for women)	ikat kepala perempuan	-	-	373	FALSE		
572	hoofddoek (voor mannen)	head cloth (for men)	ikat kepala laki-laki	-	-	373	FALSE		
571/572	hoofddoek <unsp.>			-	421	373	FALSE		
573	kam	comb	sisir	418	422	374	FALSE		
574	luizenkam	fine tooth comb	sisir kutu	-	-	375	FALSE		
575	vingerring	finger ring	cincin	-	-	376	FALSE		
576	ring	ring	cincin	419	423	-	FALSE		
577	buik band	waist belt/band	ikat pinggang	421	425	-	FALSE		
578	buik band van metaal	metal waist band	ikat pinggang dari logam	421	425	-	FALSE		
577/578	buikband <unsp.>			421	425	-	FALSE		
579	band of ring (arm)	arm ring, bracelet	gelang tangan	420	424	377	FALSE		
580	band of ring (enkel)	anklet	gelang laki	420	424	377	FALSE		
579/580	band of ring < unsp.>			420	424	-	FALSE		
581	band of ring (bovenarm)	arm ring (upper arm)	gelang lengan	-	-	377	FALSE		
579-581	band of ring <unsp.>			-	-	377	FALSE		
582	oorring	earring	anting-anting	422	426	-	FALSE		
583	oorknop	earclip	subang	423	427	-	FALSE		
582/583	oorring, oorknop of derg. <unsp.>			-	-	378	FALSE		
584	halssnoer	necklace	kalung	-	-	379	FALSE		
585	kraal	bead	manik-manik	-	-	380	FALSE		
586	slendang	shawl	selendang	424	428	-	FALSE		
587	draagsarong	sarong used as a sling	sarung dukung	-	-	381	FALSE		
588	schaamgordel (soorten)	loin cloth	cawat	425	429	382	FALSE		
589	katoenen weefsel (inheems, europees)	cotton fabric (local, European)	tenunan kapas (asli, Eropa)	426	430	383	FALSE		
590	zijde	silk	sutera	427	431	-	FALSE		
591	laken	woollen fabric	kain wol	428	-	-	FALSE		
592	flanel	flannel	pelanel	429	-	-	FALSE		
593	weven	to weave	bertenun	562	569	384	FALSE		
594	weefgetouw (kam)	loom (meed)	sisir tenun	564	571	-	FALSE		
595	weefgetouw (spoel)	loom (weaving spool)	kumparan benang	564	571	-	FALSE		
596	weefgetouw (schering)	loom (warp)	lungsin	564	571	-	FALSE		
597	weefgetouw (inslag)	loom (weft)	pakan	564	571	-	FALSE		
594-597	weefgetouw <unsp.>			563	570	385	FALSE		
598	geklopte boomschors, foeja	bark cloth	jeluang	-	-	386	FALSE		
599	boomschors kloppen	to pound bark cloth	memukul kulit kayu	-	-	387	FALSE		
600	vlechten	to weave, to plait	menganyam	430	432	388	FALSE		
601	touwdraaien	to twine a rope	memintal tali	431	433	389	FALSE		
602	touw	rope	tali	558	565	390	TRUE		
603	garen	thread, yarn	benang	559	566	-	FALSE		
604	knopen (van netten, een knoop leggen)	to knot, to knit	merajut, menyirat	561	568	391	FALSE		
605	tas (van geweven goed)	bag (woven bag)	tas (dari bahan tenun)	432	434	-	FALSE		
606	tas (van touw)	bag (made from rope)	tas (dari tali)	432	434	-	FALSE		
605/606	tas of zak <unsp.>			432	434	392	FALSE		
607	zwaard	sword	pedang	-	-	393	FALSE		
608	zwaard (houwer)	sabre	parang, kelewang	301	302	-	FALSE		
609	schede	sheath	sarung pedang	-	303	394	FALSE		
610	hakken, houwen	to chip, cut, slash	menetak, membacok	-	-	395	TRUE	cut	
611	piek, lans, werpspeer	pike, lance, javelin	tombak, lembing	304	307	396	TRUE	spear (war)	
612	blaasroer	blow-pipe	sumpitan	305	308	397	FALSE		
613	boog	bow	busur	306	309	398	FALSE		
614	pees	bowstring	tali busur	306	309	-	FALSE		
615	pijl	arrow	anak panah	306	309	399	FALSE		
616	pijlkoker	quiver	tempat anak panah	306	309	400	FALSE		
613-616	boog <unsp.>			306	309	-	FALSE		
617	schild	shield	perisai	307	310	401	FALSE		
618	vlag	flag	bendera	308	-	-	FALSE		
619	lila	kind of small cannon	sejenis kanon kecil	620	634	-	FALSE		
620	geweer	rifle	bedil (senapan)	621	635	402	FALSE		
621	kruit	gun powder	obat bedil	622	636	403	FALSE		
622	kogel	bullet	peluru	623	637	404	FALSE		
623	schieten	to shoot	menembak	624	638	405	TRUE	shoot	
624	slinger	sling	ali-ali	309	311	406	FALSE		
625	krijg voeren, oorlog voeren	to wage war	berperang	618	-	407	FALSE		
626	oorlog	war	perang	616	631	408	FALSE		
627	vijand	enemy	musuh	617	632	409	FALSE		
628	kanon	cannon	meriam	619	633	-	FALSE		
629	koppensnellen	to go head hunting	mengayau	625	639	410	FALSE		
630	vrede	peace	damai	626	640	-	FALSE		
631	versterking	fortification	benteng (pertahanan)	592	602	411	FALSE		
632	overwonnen	defeated	kalah	-	-	412	FALSE		
633	overwinnen	to gain the victory, to win	menang	-	-	413	FALSE		
634	zich overwonnen geven	to surrender	menyerah	627	641	-	FALSE		
635	overwinning	victory	kemenangan	628	642	-	FALSE		
636	krijgsgevangene	prisoner of war	tawanan perang	629	643	414	FALSE		
637	gezant	delegate	utusan	631	645	415	FALSE		
638	schatting	tribute	upeti	-	-	416	FALSE		
639	huldeblijk (upeti, bakti)	tribute <as a mark of respect >	upeti, bakti	632	646	-	FALSE		
640	belasting	tax	pajak	633	647	-	FALSE		
641	landbouw bedrijven	to farm	mengerjakan tanah	-	-	417	FALSE		
642	ploeg	plough	bajak	433	435	-	FALSE		
643	ploegijzer	coulter	mata bajak	434	436	-	FALSE		
644	hark	rake	garu	435	437	-	FALSE		
645	pootstok	dibble	tugal	436	438	418	FALSE		
646	pootgaten maken	to make a hole (with a dibble in the ground)	membuat lubang dengan tugal	-	-	419	FALSE		
647	schoffel, wiedmes	spade	pisau rumput, tajak	-	-	420	FALSE		
648	handschoffel	trowel (a small trowel)	sekop (kecil)	437	439	-	FALSE		
649	grasmes	knife for cutting grass	alat babat rumput	438	440	421	FALSE		
650	sikkel	sickle	sabit	439	441	-	FALSE		
651	rijstmesje, padimesje	knife for cutting rice plant	ani-ani	440	442	422	FALSE		
652	patjoel, hak	hoe	pacul	441	443	423	FALSE		
653	tuin	garden	kebun	442	444	-	FALSE		
654	rijstveld (nat, sawah)	rice-field (wet, sawah)	sawah	443	445	424	FALSE		
655	rijstveld (droog)	rice-field (dry)	huma, ladang	443	445	424	FALSE		
654/655	rijstveld <unsp.>			443	445	424	FALSE		
656	sawahdijkje	small dike in rice-field	pematang	444	446	425	FALSE		
657	waterleiding	irrigation	pengairan	445	447	426	FALSE		
658	waterloop	water-course channel	aliran air, terusan	-	-	426	FALSE		
657/658	waterleiding, waterloop <unsp.>			-	-	426	FALSE		
659	omheining	fence, hedge	pagar	446	448	427	FALSE		
660	gewas	vegetation	tumbuhan	447	449	-	FALSE		
661	aanplant	planting, recently planted crop, a newly established garden	penanaman, tumbuh-tumbuhan yg baru ditanam, kebun yg baru ditanam	-	-	428	FALSE		
662	zaaien (in de pootgaten storten)	to sow (placing the seeds in holes in the ground)	menugal benih	-	-	429	FALSE		
663	zaaien (strooien)	to sow (scattering the seeds about)	menabur benih	-	-	429	FALSE		originally: menabur behin (typo)
662/663	zaaien <unsp.>	sow	tabur	448	450	429	FALSE		
664	zaad	seed	benih	449	451	-	TRUE		
665	planten	to plant	menanam	450	452	430	FALSE		
666	met de voeten dorsen (uittrappen)	to thresh with the feet	injak padi	-	-	431	FALSE		
667	zaairijst	seed-rice	bijian padi yang ditabur	-	-	432	FALSE		
668	rijp	ripe	masak, matang	451	453	433	FALSE		
669	onrijp	unripe	belum masak, belum matang, mentah	452	454	434	FALSE		
670	oogsten (van rijst van mais)	to harvest	menuai	-	-	435	FALSE		
671	oogsten (van een veld)	to reap	menuai	453	455	-	FALSE		
672	oogsten (van boomvruchten)	to gather	mengumpulkan (buah-buahan)	453	455	-	FALSE		
671/672	oogsten <unsp.>	harvest	panen	453	455	-	FALSE		
673	plukken	to pick	memetik	-	-	436	FALSE		
674	mais, djagong	maize, corn	jagung	457	459	437	FALSE		
675	gierst	millet	sekoi, Juwawut	-	-	438	FALSE		
676	bonen en erwten	beans and peas	kacang-kacangan dan buncis	-	-	439	FALSE		
677	bonen	beans	kacang-kacangan	458	460	-	FALSE		
678	boon	bean	kacang	557	-	-	FALSE		
679	komkommer	cucumber	ketimun	459	461	440	FALSE		
680	pompoen	pumpkin	labu manis	-	-	441	FALSE		
681	tabak	tobacco	tembakau	460	462	365	FALSE		
682	suikerriet	sugarcane	tebu	461	463	442	FALSE		
683	aardnoot	peanut	kacang tanah	462	464	-	FALSE		
684	ui	onion	bawang	-	465	443	FALSE		
685	kalebas	gourd	labu kendi	463	466	444	FALSE		
686	oebi (soorten)	species of tuber	ubi (macam-macam ubi)	464	467	445	FALSE		
687	zoete batatat	sweet potato	ubi, batata	-	-	446	FALSE		
688	cassave, katela	cassava	ketela	465	468	448	FALSE		
689	tales	taro	talas, keladi	490	493	447	FALSE		
690	spaanse peper, tjabe	red pepper	cabe	466	469	449	FALSE		
691	kokos (boom)	coconut (tree)	kelapa (pohon)	467	470	450	FALSE		
692	kokos (vrucht)	coconut (fruit)	kelapa (buah)	467	470	450	FALSE		
693	kokos (andere onderdelen)	coconut (other parts of the tree)	kelapa (bagian lain dari pohon)	-	-	450	FALSE		
691-693	kokos <unsp.>			467	470	450	FALSE		
694	broodboom en broodvrucht	breadfruit tree and breadfruit	pohon dan buah	-	-	451	FALSE		
695	arenpalm, arenboom	sugarpalm, aren tree	pohon aren	468	471	452	FALSE		
696	lontarpalm, lontar boom	lontar tree	pohon lontar	469	472	453	FALSE		
697	legen (ongegist)	palm juice (unfermented)	nira	470	473	366	FALSE		
698	legen (gegist)	palm wine (fermented)	tuak	470	473	366	FALSE		
697/698	legen <unsp.>			470	473	366	FALSE		
699	palmwijn	palmwine	tuak	484	-	-	FALSE		
700	stroop	syrup	seterup	471	475	-	FALSE		
701	suiker	sugar	gula	472	476	-	FALSE		
702	nipah	nipa palm	pohon nipah	481	485	454	FALSE		
703	sago boem	sago tree	pohon sagu	482	486	359	FALSE		
704	sago	sago	sagu	483	487	-	FALSE		
705	katoen	cotton	kapas	479	483	-	FALSE		
706	kapok	kapok	kapuk	480	484	455	FALSE		
707	pandan	pandanus	pandan	473	477	456	FALSE		
708	mangga	mango	mangga	474	478	457	FALSE		
709	nangka	Artocarpus integrifolia, Jack fruit	nangka	475	479	458	FALSE		
710	ramboetan	Nephelium lappaceum	rambutan	476	480	459	FALSE		
711	doerian	Durio zibethinus	durian	477	481	460	FALSE		
712	djamboe	Eugenia	jambu	478	482	461	FALSE		
713	langsat	Lansium domesticum	langsat	-	496	462	FALSE		
714	blimbing (grote geribde)	Averrhoa carambola, carambola	belimbing	-	-	463	FALSE		
715	blimbing (kleine zure)	Averrhoa blimbi	belimbing wuluh	-	-	463	FALSE		
714/715	blimbing <unsp.>			-	-	463	FALSE		
716	pisang (tamme)	banana	pisang	489	492	464	FALSE		
717	pisang (wilde)	banana (wild)	pisang (liar)	489	492	464	FALSE		
718	pisang (vrucht)	banana (fruit)	pisang (buah)	-	-	464	FALSE		
716-718	pisang <unsp.>	banana	pisang	489	492	464	FALSE		
719	djeruk (soorten)	species of citrus fruit	macam-macam Jeruk	-	-	465	FALSE		
720	sinaasappel	orange	jeruk manis	491	494	-	FALSE		
721	pompelmoes	grape fruit	Citrus paradisi	492	495	-	FALSE		
722	citroen	lemon	jeruk sitrun	493	497	-	FALSE		
723	koffie	coffee	kopi	494	498	-	FALSE		
724	indigo (plant)	indigo (plant)	nila (tanaman)	495	499	-	FALSE		
725	indigo (verfstof)	indigo (dye)	nila (bahan celup)	495	499	-	FALSE		
724/725	indigo <unsp.>			495	499	-	FALSE		
726	gambir	Uncaria gambir	gambir	498	503	364	FALSE		
727	tjangkoedoe	Morinda atrocarpus	mangkudu	499	504	-	FALSE		
728	kalk (kalksteen)	lime	kapur	576	502	363	FALSE		
729	kurkuma (koenjit)	Curcuma domestica	kunyit	500	505	467	FALSE		
730	gember	ginger	jahe	-	-	468	FALSE		
731	rotan	rattan, cane	rotan	501	506	469	FALSE		
732	bamboe	bamboo	bambu	502	507	470	FALSE		
733	jonge bamboespruit	bamboo shoot, young sprout	rebung	-	508	471	FALSE		
734	boom	tree	pohon	541	549	472	TRUE		
735	hout	wood	kayu	-	-	473	FALSE		
736	klimmen in een boom	to climb a tree	memanjat pohon	-	-	474	FALSE		
737	klimmen	to climb	memanjat	-	543	-	FALSE		
738	omhakken	to cut down	menebang	-	-	475	FALSE		
739	tak (grote)	branch	dahan, cabang	-	-	477	FALSE		
740	tak (kleine)	twig	ranting	-	-	477	FALSE		
739/740	tak <unsp.>	branch	cabang	542	550	477	FALSE		
741	kernhout	the heart of the tree	hati kayu (pohon)	-	551	478	FALSE		
742	hoofdwortel, penwortel	main root, taproot	ibu akar, akar tunggang	543	552	-	FALSE		
743	zijwortel	side-root	akar samping	543	552	-	FALSE		
744	haarwortel	fibrous root	akar serabut	543	552	-	FALSE		
742-744	wortel <unsp.>	root	akar	543	552	479	TRUE	root	
745	liaan	liana	sulur	-	-	480	FALSE		
746	blad	leaf	daun	544	553	481	TRUE		
747	afvallen van bladeren	falling of the leaves	daun yang gugur	-	-	482	FALSE		
748	schors	bark	kulit kayu	545	554	483	TRUE		
749	doorn	thorn, spine	duri	-	-	484	FALSE		
750	sap	sap	air (buah, pohon)	546	555	485	FALSE		
751	gom	gum	getah	547	-	485	FALSE		
750/751	sap, gom <unsp.>			-	-	485	FALSE		
752	pinang	Areca catechu LINN	pinang	496	500	361	FALSE		
753	sirih	betel	sirih	497	501	362	FALSE		
754	hars	resin	damar (umum)	548	556	-	FALSE		
755	damar	resin (from the damar tree)	damar (khusus dari pohon damar)	503	509	486	FALSE		
756	damarboom	damar tree	pohon damar	-	-	487	FALSE		
757	spruit	sprout	tunas	549	557	-	FALSE		
758	bloem	flower	bunga	550	558	488	TRUE		
759	vrucht	fruit	buah	551	559	489	TRUE		
760	vrucht dragen	to bear fruit	berbuah	-	-	490	FALSE		
761	schil	rind, peel	kulit buah	552	560	491	FALSE		
762	schillen	to peel	menguliti, mengupas	-	-	492	FALSE		
763	pit	pip, stone	biji	553	561	493	FALSE		
764	vruchtvlees	the flesh of the fruit	daging buah	554	562	494	FALSE		
765	tros	bunch	rangkai, tangkai, tandan	555	563	495	FALSE		
766	olie	oil	minyak	556	564	496	FALSE		
767	mos	moss	lumut	-	-	497	TRUE	spit	
768	paddestoel	mushroom	cendawan, jamur	-	-	498	FALSE		
769	varens	ferns	tumbuhan paku	-	-	499	FALSE		
770	gras	grass	rumput	485	488	500	TRUE		
771	onkruid	weeds	rumput	486	489	500	FALSE		
770/771	gras en onkruid <unsp.>			-	-	500	FALSE		
772	alang-alang	Imperata cylindria (Kunai grass)	lalang	487	490	501	FALSE		
773	glagah	Saccharum spontaneum	gelagah	488	491	502	FALSE		
774	dier, beest	animal, beast	binatang	345	347	503	TRUE	animal	
775	jong van dier (kalf, veulen, kuiken, etc.)	young of animal (calf, foal, chicken, etc.)	anak binatang	346	348	504	FALSE		
776	blaten	to bleat	mengembik	359	-	-	FALSE		
777	houden <van beesten>	to keep animals	pelihara binatang	-	-	505	FALSE		
778	staart	tail	ekor	355	357	506	TRUE		
779	poot	paw	kaki binatang	347	349	507	FALSE		
780	hoef	hoof	kuku binatang	348	350	508	FALSE		
781	klauw	claw	cakar	349	351	509	TRUE		
782	uier	udder	ambing	-	-	510	FALSE		
783	bek	mouth, snout	mulut binatang	-	-	511	TRUE	mouth	
784	snuit	snout, muzzle	moncong	-	-	512	FALSE		
785	snavel	bill, beak	paruh	-	-	513	FALSE		
786	vleugel	wing	sayap	351	353	514	TRUE		
787	veren	feather	bulu burung	352	354	515	FALSE		
788	vliegen	to fly	terbang	-	-	516	TRUE	fly, to	
789	nest	nest	sarang	353	355	517	FALSE		
790	ei	egg	telur	354	356	518	TRUE		
791	eieren leggen	to lay eggs	bertelur	-	-	519	FALSE		
792	broeden	to brood	mengeram	-	-	520	FALSE		
793	uitkomen	to hatch	menetas	-	-	521	FALSE		
794	tam varken	domesticated pig	babi	356	358	522	FALSE		
795	varkenshok	piggery	kandang babi	-	-	523	FALSE		
796	wild varken	wild pig	babi hutan	-	-	524	FALSE		
797	knorren	to grunt	menggeram	357	359	525	FALSE		
798	schaap	sheep	domba	358	-	-	FALSE		
799	geit	goat	kambing	-	360	526	FALSE		
800	buffel (koe)	buffalo (female)	kerbau betina	-	-	527	FALSE		
801	buffel (stier)	buffalo (male)	kerbau jantan	-	-	527	FALSE		
802	buffel (jonge)	buffalo (calf)	anak kerbau	-	-	527	FALSE		
800-802	buffel <unsp.>			362	364	527	FALSE		
803	koe	cow	sapi (betina)	360	362	-	FALSE		
804	stier	bull	sapi (jantan)	360	362	-	FALSE		
803/804	koebeest, rund <unsp.>			360	362	528	FALSE		
805	bleren	to bleat, to moo	menguak	-	361	-	FALSE		
806	loeien (van een buffel)	to low, to bellow	menguak	361	363	529	FALSE		
807	paard	horse	kuda	363	365	530	FALSE		
808	hinniken	to neigh, to whinny	meringkik	364	366	531	FALSE		
809	hert	deer	rusa	365	367	532	FALSE		
810	hoorn	horn	tanduk	-	-	533	TRUE		
811	hond	dog	anjing	366	368	534	TRUE		
812	blaffen	to bark	menyalak	367	369	535	FALSE		
813	kat, poes	cat	kucing	368	370	536	FALSE		
814	miauwen	to miaow	mengeong	369	371	537	FALSE		
815	tijger	tiger	harimau	370	372	-	FALSE		
816	brullen	to roar	mengaum	371	373	-	FALSE		
817	beer	bear	beruang	372	374	538	FALSE		
818	stekelvarken	porcupine	landak	373	375	539	FALSE		
819	buideldier	marsupial	kuskus	-	-	540	FALSE		
820	palmroller	marten (paradaxurus)	luwak, musang	-	-	541	FALSE		
821	halfaap	half-ape	pukang	-	-	542	FALSE		
822	miereneter	ant-eater (manis javanica)	tenggiling	374	376	543	FALSE		
823	casuaris	cassowary	burung kasuari	375	377	544	FALSE		
824	duif (soorten)	pigeon	burung merpati	376	378	545	FALSE		
825	kraai, raaf	crow	burung gagak	377	379	546	FALSE		
826	hoen, kip	hen, chicken	ayam	378	380	547	FALSE		
827	kuiken	chick	anak ayam	378	380	-	FALSE		
828	hen	hen	ayam betina	378	380	547	FALSE		
829	kloek	mother hen	induk ayam	-	-	547	FALSE		
830	haan	cock, rooster	ayam jantan	378	380	547	FALSE		
831	vechthaan	fighting cock	ayam sabungan	378	380	-	FALSE		
826-831	kip <unsp.>			378	380	547	FALSE		
832	vechten <van hanen>	cock-fighting	menyabung ayam	-	-	548	FALSE		
833	eend	duck	bebek	-	-	549	FALSE		
834	papegaai	parrot	burung nuri	379	381	550	FALSE		
835	parkiet	parakeet, budgerigar	burung bayan	380	382	551	FALSE		
836	zwaluw	swallow	burung layang-layang	381	383	-	FALSE		
837	rijstvogeltje	rice-bird	burung pipit	-	-	552	FALSE		
838	neushoorn vogel	hornbill	burung enggang	-	-	553	FALSE		
839	kwartel	quail	burung puyuh	-	-	554	FALSE		
840	reiger	heron	burung bangau	382	384	555	FALSE		
841	roofvogel (soorten)	birds of prey	burung pemakan daging	-	-	556	FALSE		
842	uil	owl	burung hantu	-	-	557	FALSE		
843	kiekendief	kite (bird)	burung rajawali	383	385	-	FALSE		
844	vogel (in het algemeen en andere soorten)	bird	burung	350	352	558	TRUE		
845	eekhoorn	squirrel	bajing, tupai	384	386	559	FALSE		
846	vleermuis	bat	kelelawar	385	387	560	FALSE		
847	kalong	bat	kalong	386	388	-	FALSE		
848	vliegende hond	flying fox	kelelawar	-	-	561	FALSE		
849	kidang, ree	deer	kijang	387	389	562	FALSE		
850	dwerghert, kancil	cherrotain mousedeer	kancil	388	390	563	FALSE		
851	muis	mouse	tikus	389	391	564	FALSE		
852	rat	rat	tikus	390	392	-	FALSE		
853	stinkmuis, spitsmuis	shrew	tikus mondok	391	393	565	FALSE		
854	aap	monkey	monyet, kera	392	394	566	FALSE		
855	jagen (op versch wijzen)	to hunt	berburu	-	-	567	TRUE	hunt	
856	springlans	trap for catching large game	belantik	-	-	568	FALSE		
857	val	trap	perangkap	-	-	569	FALSE		
858	gescherpte bamboes	bamboo spikes	ranjau bambu	-	-	570	FALSE		
859	vissen (op versch wijzen)	to fish	menangkap ikan	-	-	571	FALSE		
860	fuik	fish trap	bubu	-	-	572	FALSE		
861	net	net	jala	560	567	573	FALSE		
862	soorten vissen	fish	macam-macam ikan	-	-	574	TRUE		
863	haai	shark	ikan hiu	-	-	575	FALSE		
864	rog	ray	ikan pari	-	407	576	FALSE		
865	aal	eel	belut	405	408	577	FALSE		
866	luis	louse	kutu	393	395	578	TRUE		
867	luizen <verb>	to delouse	mencari kutu	-	-	579	FALSE		
868	kleerluis	louse	tuma, kutu baju	-	-	580	TRUE		
869	neet	nit	telur kutu	394	396	581	FALSE		
870	vlo	flea	kutu anjing	395	397	582	FALSE		
871	spin	spider	laba-laba	396	398	583	FALSE		
872	vlieg	fly	lalat	397	399	584	FALSE		
873	bromvlieg	bluebottle fly	lalat langau	-	-	585	FALSE		
874	wesp	wasp	penyengat	-	-	586	FALSE		
875	bij	bee	lebah	-	-	587	FALSE		
876	honing	honey	madu	-	-	588	FALSE		
877	muskiet	mosquito	nyamuk	389	400	589	FALSE		
878	kapel, vlinder	butterfly	kupu-kupu	399	401	590	FALSE		
879	rups	caterpillar	ulat (bulu)	400	402	592	FALSE		
880	vuurvlieg	firefly	kunang-kunang	-	-	591	FALSE		
881	sprinkhaan	grasshopper	belalang	401	403	593	FALSE		
882	kever	beetle	kumbang	-	-	594	FALSE		
883	kakkerlak	cockroach	lipas	-	-	595	FALSE		
884	mier (in soorten)	ant	macam-macam semut	402	404	596	FALSE		
885	witte mier	white ant, termite	rayap	-	-	597	FALSE		
886	slang	snake	ular	403	405	598	TRUE		
887	python	python	ular sawah	-	-	599	FALSE		
888	duizendpoot	centipede	lipan	-	406	600	FALSE		
889	bloedzuiger	leech	lintah	-	-	601	FALSE		
890	slak	snail, slug	siput	-	-	602	FALSE		
891	worm	worm	cacing	414	417	603	TRUE		
892	garnaal	shrimp	udang	406	409	604	FALSE		
893	krab	crab	kepiting	407	410	605	FALSE		
894	schelp	shell	kulit kerang	408	411	606	FALSE		
895	schelpdier	crustacean	kerang	-	-	607	FALSE		
896	kikvors	frog	katak	409	412	608	FALSE		
897	pad	toad	katak puru	-	-	609	FALSE		
898	hagedis	lizard	kadal	410	413	610	FALSE		
899	varaan, leguaan	iguana	biawak	412	415	611	FALSE		
900	krokodil	crocodile	buaya	411	414	612	FALSE		
901	landschildpad	tortoise	kura-kura	413	416	613	FALSE		
902	zeeschildpad	turtle	penyu	413	416	614	FALSE		
901/902	schildpad <unsp.>			413	416	-	FALSE		
903	heelal	universe	alam semesta	505	511	-	FALSE		
904	firmament	firmament	langit	506	-	-	FALSE		
905	hemel	sky	langit	507	512	615	TRUE		
906	zon	sun	matahari	508	513	616	TRUE		
907	zonsverduistering	sun eclipse	gerhana matahari	509	514	617	FALSE		
908	maan	moon	bulan	510	515	618	TRUE		
909	een maand	one month	satu bulan	-	-	619	FALSE		
910	maand (namen der maanden)	month (name of the months)	bulan (nama-nama bulan)	784	806	-	FALSE		
911	maansverduistering	moon eclipse	gerhana bulan	511	516	620	FALSE		
912	ster (als ze namen hebben, die opgeven)	star	bintang	512	517	621	TRUE		
913	opkomen (v.zon)	sunrise	matahari terbit	-	-	622	FALSE		
914	opkomen (v.maan)	moonrise	bulan terbit	-	-	622	FALSE		
913/914	opkomen <unsp.>			-	-	622	FALSE		
915	ondergaan (van zon)	sunset	matahari terbenam	-	-	623	FALSE		
916	ondergaan (van maan)	moonset	bulan terbenam	-	-	623	FALSE		
915/916	ondergaan <unsp.>			-	-	623	FALSE		
917	aarde (aardbol)	earth (globe)	bumi	504	510	624	FALSE		
918	lucht	air	udara	-	-	625	FALSE		
919	regen	rain	hujan	513	518	626	TRUE		
920	dauw	dew	embun	-	519	627	FALSE		
921	wolk	cloud	awan	514	520	628	TRUE		
922	nevel, mist	fog, mist	kabut	-	-	629	TRUE	fog	
923	regenboog	rainbow	pelangi	515	521	630	FALSE		
924	donder	thunder	guruh	516	522	631	FALSE		
925	dondersteen	thunderstone	batu guntur	517	523	-	FALSE		
926	bliksem	(flash of) lightning	kilat	-	-	632	FALSE		
927	aardbeving	earthquake	gempa bumi	518	524	633	FALSE		
928	wind	wind	angin	519	525	634	TRUE		
929	storm	storm	badai, angin ribut	520	526	635	FALSE		
930	water	water	air	521	527	636	TRUE		
931	zee	sea	laut	522	528	637	TRUE	sea (ocean)	
932	eb	ebb	surut	523	529	-	FALSE		
933	meer	lake	danau	-	-	638	TRUE		
934	vloed	flood, tide	pasang	524	530	-	FALSE		
935	golf	wave	ombak	525	531	639	FALSE		
936	branding	breakers, surf	gelombang	526	532	-	FALSE		
937	baai	bay	teluk	527	533	640	FALSE		
938	strand	beach	pantai	528	534	641	FALSE		
939	straat	strait(s)	selat	529	535	-	FALSE		
940	zandbank	sandbank	busung pasir	530	536	642	FALSE		
941	koraalrif	coral reef	karang	531	537	643	FALSE		
942	land (in tegenstelling van zee)	land	darat	532	538	644	FALSE		
943	land (staat)	land (state)	negara	532	538	-	FALSE		
942/943	land <unsp.>			532	538	-	FALSE		
944	eiland	island	pulau	533	539	645	FALSE		
945	landengte	isthmus	tanah genting	534	540	-	FALSE		
946	landtong, kaap	cape	tanjung, ujung	535	541	646	FALSE		
947	berg	mountain	gunung	536	542	647	TRUE		
948	heuvel	hill	bukit	565	572	648	FALSE		
949	bergklimmen, stijgen	mountain-climbing, to ascend	mendaki gunung	-	-	649	FALSE		
950	dalen	to go down, to descend	turun	-	546	650	FALSE		
951	vlakte	plain	dataran	537	544	651	FALSE		
952	dal	valley	lembah	538	545	652	FALSE		
953	grasvlakte	grassy plain	padang rumput	-	-	653	FALSE		
954	moeras	swamp	rawa	-	-	654	FALSE		
955	bos	forest, woods	hutan	539	547	655	TRUE	woods	
956	oerwoud	jungle	rimba raya	-	-	656	FALSE		
957	kreupelbos	bush	belukar	540	548	657	FALSE		
958	vulkaan	volcano	gunung berapi	566	573	-	FALSE		
959	weg	way, road	jalan	567	574	-	TRUE	road	
960	modder	mud	lumpur	-	575	-	FALSE		
961	voetstap (spoor)	footstep (footprint)	bekas tapak kaki, jejak	-	576	658	FALSE		
962	grens	border, boundary	batas	569	578	660	FALSE		
963	rivier	river	sungai	570	579	661	TRUE		
964	brug	bridge	jembatan	-	580	662	FALSE		
965	stroomop (varen)	to go upstream	berlayar ke hulu	-	581	663	FALSE		
966	stroomaf (varen)	to go downstream	berlayar ke hilir	-	582	664	FALSE		
967	bron of oorsprong rivier	spring, source	mata air, sumber air	571	584	665	FALSE		
968	watervloed, overstroming	flood	banjir	572	585	666	FALSE		
969	steen	stone	batu	573	586	667	TRUE		
970	aarde (grond)	earth (ground)	tanah	574	587	668	TRUE	earth	
971	zand	sand	pasir	575	588	669	TRUE		
972	kiezel, grint	gravel	kerikil	-	-	670	FALSE		
973	ijzer	iron	besi	577	589	671	FALSE		
974	koper	copper	tembaga	578	590	672	FALSE		
975	brons	bronze	perunggu	579	591	-	FALSE		
976	zilver	silver	perak	580	592	673	FALSE		
977	goud	gold	emas	581	593	674	FALSE		
978	tin	tin	timah	582	594	-	FALSE		
979	lood	lead	timah hitam	583	595	-	FALSE		
980	zwavel	sulphur	belerang	584	596	675	FALSE		
981	smid	smith	pandai besi	-	611	676	FALSE		
982	smidse	smithy	dapur pandai besi	-	612	677	FALSE		
983	smeden	to forge, weld	menempa besi	-	-	678	FALSE		
984	houtskool	charcoal	arang	-	613	679	FALSE		
985	hamer	hammer	martil	-	614	680	FALSE		
986	aambeeld	anvil	landasan, paron	-	615	681	FALSE		
987	tang	tongs	sepit, tang	-	616	682	FALSE		
988	gloeiende kool	cinders, glowing coals	bara api	-	617	683	FALSE		
989	slijpen	to sharpen, to grind	mengasah	-	618	684	FALSE		
990	slijpsteen	grindstone	batu asah	-	-	685	FALSE		
991	geschenk	gift, present	hadiah, pemberian	634	648	-	FALSE		
992	onderhandelen	to negotiate	berunding	635	649	-	FALSE		
993	vrede sluiten	to make peace	berdamai, mengadakan perdamaian	636	650	-	FALSE		
994	verbond sluiten	to sign a treaty	perjanjian, memutuskan perjanjian	637	651	-	FALSE		
995	handelaar (grote, kleine)	merchant	saudagar, pedagang	638	652	686	FALSE		
996	landbouwer	farmer	petani	612	629	-	FALSE		
997	handwerksman	craftsmen	tukang, perajin	613	-	-	FALSE		
998	bediende	servant	pelayan	614	-	-	FALSE		
999	volgeling	follower	pengikut	615	630	-	FALSE		
1000	bondgenoot	ally	sekutu	630	644	-	FALSE		
1001	winkel (grote, kleine, warong)	shop	toko, warung	639	653	687	FALSE		
1002	markt	market	pasar	640	654	688	FALSE		
1003	handeldrijven, handelen	to trade	berdagang	641	655	689	FALSE		
1004	koopwaren	merchandise	barang dagangan	642	656	690	FALSE		
1005	naald	needle	jarum	-	657	691	FALSE		
1006	naaien	to sew	menjahit	-	-	692	TRUE	sew	
1007	prijs	price	harga	643	658	693	FALSE		
1008	winst	profit	untung, laba	644	659	694	FALSE		
1009	verlies, schade	loss	rugi	645	660	695	FALSE		
1010	kopen	to buy	membeli	646	661	696	FALSE		
1011	duur	expensive	mahal	647	662	697	FALSE		
1012	goedkoop	cheap	murah	648	663	698	FALSE		
1013	schuld	debt	hutang	649	664	699	FALSE		
1014	manen	to dun	menagih	650	665	700	FALSE		
1015	betalen	to pay	membayar	651	666	701	FALSE		
1016	verkopen	to sell	menjual	652	667	702	FALSE		
1017	lenen (van de schuldenaar)	to borrow	meminjam	-	-	703	FALSE		
1018	lenen (van de schuldeiser)	to lend to	meminjamkan	-	-	703	FALSE		
1017/1018	lenen <unsp.>	borrow	pinjam	653	668	703	FALSE		
1019	ruilen	to exchange	menukar	654	669	704	FALSE		
1020	bieden	to offer	mempersembahkan	655	670	-	FALSE		
1021	verpanden	to pawn	menggadaikan	656	671	-	FALSE		
1022	afdingen	to bargain	menawar	657	672	705	FALSE		
1023	doen in	to fill	mengisi	-	-	706	FALSE		
1024	unster	steelyard, weigh-beam	dacin	658	-	-	FALSE		
1025	schaal	a pair of scales	timbangan	659	673	-	FALSE		
1026	maten en gewichten (lengte)	measures and weights (length)	ukuran dan berat (panjang)	660	674	-	FALSE		
1027	maten en gewichten (zwaarte)	measures and weights (mass)	ukuran dan berat (berat)	660	674	-	FALSE		
1028	maten en gewichten (inhouds)	measures and weights (volume and capacity)	ukuran dan berat (isi dan kapasitas)	660	674	-	FALSE		
1026-1028	maten en gewichten <unsp.>			660	674	-	FALSE		
1029	schip (koopvaardij)	ship (trading vessel)	kapal dagang	661	675	-	FALSE		
1030	schip (oorlog)	ship (warship)	kapal perang	661	675	-	FALSE		
1029/1030	schip <unsp.>	ship	kapal	661	675	-	FALSE		originally: <unps.>, which should be <unsp.> (typo)
1031	stoomboot	steamboat	kapal uap	662	676	-	FALSE		
1032	sloep	rowboat	kapal (sampan)	663	677	-	FALSE		
1033	prauw	proa, canoe	perahu	664	678	707	FALSE		
1034	soorten van vaartuigen	all sorts of vessels	macam-macam kapal, perahu	-	-	708	FALSE		
1035	mast	mast	tiang perahu	665	679	709	FALSE		
1036	zeil	sail	layar	-	-	710	FALSE		
1037	zeilen	to sail	berlayar	666	680	711	FALSE		
1038	roer	rudder, helm	kemudi	667	681	712	FALSE		
1039	sturen	to sail	mengemudi	-	-	713	FALSE		
1040	(roei) riem, pagaai	oar, paddle	pengayuh	668	682	714	FALSE		
1041	schepper	paddle	pengayuh	670	684	-	FALSE		
1042	scheppen	to paddle	mengayuh	670	684	-	FALSE		
1041/1042	schepper, scheppen <unsp.>			670	684	-	FALSE		
1043	roeien	to row, to pull	mengayuh	669	683	715	TRUE	pull	
1044	uitlegger (met onderdelen)	outrigger	cadik	-	-	716	FALSE		
1045	bankje in een prauw	thwarts	sengkar perahu, bangku perahu	-	-	717	FALSE		
1046	voorsteven	stem, bows	haluan	-	-	718	FALSE		
1047	achtersteven	stern	buritan	-	-	719	FALSE		
1048	inladen	to take on cargo	memuat barang	-	-	720	FALSE		
1049	anker	anchor	sauh	671	685	-	FALSE		
1050	vlot	raft	rakit	672	686	721	FALSE		
1051	haven	harbour	pelabuhan	673	687	-	FALSE		
1052	stranden, schipbreuklijden	to be wrecked	terdampar, kandas	676	691	-	FALSE		
1053	zeerover	pirate	bajak laut	677	692	-	FALSE		
1054	aanlegplaats	landing-stage	pangkalan	-	-	722	FALSE		
1055	aan land komen	to disembark	naik ke darat	-	-	723	FALSE		
1056	wegvaren	to sail away	pergi berlayar	-	-	724	FALSE		
1057	omslaan	to capsize	terbalik	-	-	725	FALSE		
1058	mensenrover	kidnapper	penculik	678	693	-	FALSE		
1059	mishandelen	to ill-treat, to mishandle	menganiaya	679	-	-	FALSE		
1060	loskopen	to ransom	menebus	680	695	-	FALSE		
1061	groot	great, big	besar	682	697	726	TRUE	big	
1062	klein	small	kecil	683	698	727	TRUE		
1063	lang (van een voorwerp)	long (things)	panjang	684	699	728	TRUE	long	
1064	lang (van tijd)	long (time)	lama	684	699	728	FALSE		
1063/1064	lang <unsp.>			684	699	728	FALSE		
1065	kort (van een voorwerp)	short (things)	pendek	685	700	-	TRUE	short	
1066	kort (van tijd)	short (time)	singkat, pendek	685	700	-	TRUE	short	
1065/1066	kort <unsp.>			685	700	729	FALSE		
1067	dik (van mens of dier)	big, fat	gemuk	686	701	730	TRUE	big	
1068	dik (van een levenloos voorwerp)	thick	tebal	686	701	730	TRUE		
1069	dik (van stoffen)	thick	tebal	-	-	730	TRUE		
1067/1068	dik <unsp.>			686	701	730	FALSE		
1067-1069	dik <unsp.>			-	-	730	FALSE		
1070	dun	thin	tipis	687	702	731	TRUE		
1071	mager	thin, meagre, skinny	kurus	689	706	732	TRUE	thin	
1072	vet (bijvnw)	fat (adj.)	gemuk	-	-	733	TRUE	fat	
1073	vet (zelfstnw.)	fat, grease (noun)	lemak	-	-	734	TRUE	fat	
1074	vet, vettig	greasy	berminyak, berlemak	-	-	734	FALSE		
1072-1074	ver <unsp.>	far	jauh	690	707	-	FALSE		
1075	slank van middel	slim	langsing	691	708	735	FALSE		
1076	dwerg, dwergachtig	dwarf	orang katai	692	709	-	FALSE		
1077	geslonken	diminished in size, boiled down, shrunken	susut	-	-	736	FALSE		
1078	groeien	to grow	tumbuh	-	-	737	FALSE		
1079	tam, mak	tame	jinak	-	703	738	FALSE		
1080	wild	wild	liar	-	704	739	FALSE		
1081	schuw	wary, shy, timid	malu (takut), berhati-hati	-	704	739	FALSE		
1080-1081	wild, schuw <unsp.>			-	704	739	FALSE		
1082	verlegen, beschaamd	shy, ashamed	malu	-	705	740	FALSE		
1083	diep (van een rivier)	deep (river)	dalam (sungai)	-	-	741	FALSE		
1084	diep (van een bord, schotel)	deep (dish)	dalam (piring)	-	-	741	FALSE		
1083/1084	diep <unsp.>	deep	dalam	693	710	741	FALSE		
1085	ondiep (van een rivier)	shallow (river)	dangkal (sungai)	-	-	742	FALSE		
1086	ondiep (van een bord, schotel)	shallow (dish)	ceper, leper	-	-	742	FALSE		
1085/1086	ondiep <unspec.>	shallow	dangkal	694	711	742	FALSE		
1087	hoog	high	tinggi	695	712	743	FALSE		
1088	laag	low	rendah	696	713	744	FALSE		
1089	recht	straight	lurus	697	714	745	TRUE		
1090	krom	crooked, bent	bengkok	698	715	746	FALSE		
1091	bochtig	curved, winding	berbelok, berkelok	-	-	747	FALSE		
1092	plat	flat	pipih, gepeng	688	-	748	FALSE		
1093	vlak, effen	even	datar	-	-	749	FALSE		
1094	glad	smooth	rata, licin	-	-	750	TRUE		
1095	zwaar	heavy	berat	-	-	751	TRUE		
1096	licht	light	ringan	722	739	752	FALSE		
1097	schuin	slanting, sloping	serong, miring	699	717	753	FALSE		
1098	scherp	sharp	tajam	700	718	754	TRUE		
1099	stomp	blunt	tumpul	-	-	755	TRUE	dull (blunt)	
1100	spits	pointed	runcing	-	-	756	FALSE		
1101	hard	hard	keras	701	719	757	FALSE		
1102	week	weak	lembek, lemah	702	720	-	FALSE		
1103	zacht	soft	lembut, lunak	-	-	758	FALSE		
1104	warm (v. personen)	warm (persons)	hangat	-	-	759	TRUE	warm	
1105	warm (v. zaken)	warm (things)	hangat, panas	-	-	759	TRUE	warm	
1104/1105	warm <unsp.>	hot	panas	703	721	759	FALSE		
1106	koud (v. personen)	cold (persons)	dingin	-	-	760	TRUE	cold	
1107	koud (v. zaken)	cold (things)	dingin, sejuk	-	-	760	TRUE	cold	
1106/1107	koud <unsp.>	cold	dingin	704	722	760	FALSE		
1108	bibberen	to shiver	menggigil	-	-	761	FALSE		
1109	rond (als een stok)	round, circular (as a stick)	bundar (seperti tongkat)	-	-	762	TRUE	round	
1110	rond (als een bord)	round, circular (as a dish)	bundar (seperti piring)	-	-	762	TRUE	round	
1111	bolrond	globular, round	bulat	-	-	762	FALSE		
1109/1110	rond <unsp.>	round	bulat	705	723	762	FALSE		
1109-1111	rond, bolrond <unsp.>			-	-	762	FALSE		
1112	vierkant	square	persegi	706	724	763	FALSE		
1113	breed	broad	luas, lebar	707	725	764	FALSE		
1114	smal	small	kecil	708	-	765	TRUE		
1115	nauw	narrow	sempit	709	726	766	TRUE		
1116	ruim, wijd	wide	luas	710	727	767	TRUE		
1117	krachtig, sterk	strong	kokoh	711	728	768	FALSE		
1118	zwak	weak	lemah	712	730	769	FALSE		
1119	dapper	brave, bold	perkasa, gagah	-	729	770	FALSE		
1120	niet durvend, laf	cowardly	pengecut	-	-	771	FALSE		
1121	lui	lazy	malas	-	731	772	FALSE		
1122	vlijtig	diligent	rajin, giat	-	-	773	FALSE		
1123	gierig	stingy	pelit, kikir	-	-	774	FALSE		
1124	mild	mild, tender	murah hati, sabar	-	-	775	FALSE		
1125	droog	dry	kering	713	732	776	TRUE		
1126	in de zon te drogen leggen	to dry in the sun	menjemur di panas matahari	-	-	777	FALSE		
1127	nat	wet	basah	714	733	778	TRUE		
1128	vochtig	humid	lembab	-	-	779	FALSE		
1129	rot	rotten	busuk	-	-	780	TRUE		
1130	goed	good	baik, bagus	715	734	781	TRUE		
1131	slecht	bad	buruk, jahat	718	-	782	TRUE		
1132	mooi (van persoon)	beautiful (persons)	elok	716	735	783	FALSE		
1133	mooi (van man)	beautiful (male)	tampan	716	735	783	FALSE		
1134	mooi (van vrouw)	beautiful (fem.)	cantik	716	735	783	FALSE		
1132-1134	mooi <unsp.>	nice	bagus	716	735	783	FALSE		
1135	mooi (van zaak)	beautiful (things)	indah, bagus	716	735	783	FALSE		
1132-1135	mooi <unsp.>			716	735	783	FALSE		
1136	lelijk (van persoon)	ugly (persons)	buruk, jelek	717	736	784	FALSE		
1137	lelijk (van man)	ugly (male)	buruk, jelek	717	736	784	FALSE		
1138	lelijk (van vrouw)	ugly (female)	buruk, jelek	717	736	784	FALSE		
1136-1138	lelijk <unsp.>	ugly	jelek	717	736	784	FALSE		
1139	lelijk (van zaak)	ugly (things)	buruk, jelek	717	736	784	FALSE		
1136-1139	lelijk <unsp.>			717	736	784	FALSE		
1140	fout, verkeerd, onjuist	wrong, false	salah, keliru	-	-	785	FALSE		
1141	juist, waar	true, right	benar, betul	-	-	786	TRUE	"correct ; right (opp. Wrong)"	
1142	leeg	empty	kosong	719	737	787	FALSE		
1143	vol	full	penuh	720	738	788	TRUE		
1144	boos	angry	marah	-	-	789	FALSE		
1145	gek	mad	gila	-	-	790	FALSE		
1146	vast	tightly bound	terikat	-	-	791	FALSE		
1147	vast	tightly fitting	kencang, erat	-	-	791	FALSE		
1146/1147	vast <unsp.>			723	740	791	FALSE		
1148	los	loose	lepas	-	-	792	FALSE		
1149	los	loosely fitting	longgar, kendur	-	-	792	FALSE		
1148/1149	los <unsp.>	loose	longgar	724	741	792	FALSE		
1150	oud	old	tua	725	742	793	TRUE		
1151	oud (van zaken)	old, worn	lama, kuno	-	-	794	TRUE		
1152	jong	young	muda	726	743	795	FALSE		
1153	nieuw	new	baru	727	744	796	TRUE		
1154	arm	poor	miskin	728	745	797	FALSE		
1155	welvarend	wealthy	kaya	729	746	798	FALSE		
1156	moe	tired	lelah	-	747	799	FALSE		
1157	snel, vlug	fast	cepat, kencang	-	-	800	FALSE		
1158	langzaam	slow	lambat	-	-	801	FALSE		
1159	dom	dumb	bodoh	732	750	802	FALSE		
1160	knap	clever	pandai	733	751	803	FALSE		
1161	zoet	sweet	manis	737	755	804	FALSE		
1162	zuur	sour	kecut, masam	738	756	805	FALSE		
1163	bitter	bitter	pahit	739	757	806	FALSE		
1164	samentrekkend	astringent	sepat	740	758	-	FALSE		
1165	heet, scherp	hot, spicy	panas, pedas	-	-	807	FALSE		
1166	zout, ziltig (bijvnw)	salty	asin	741	759	808	FALSE		
1167	wit	white	putih	742	760	809	TRUE		
1168	zwart	black	hitam	743	761	810	TRUE		
1169	rood	red	merah	744	762	811	TRUE		
1170	bruin	brown	coklat	745	763	812	FALSE		
1171	geel	yellow	kuning	746	764	813	TRUE		
1172	blauw	blue	biru	747	765	814	FALSE		
1173	groen	green	hijau	748	766	815	TRUE		
1174	zoeken	to look for	mencari	749	767	816	FALSE		
1175	vinden	to find	menemukan	750	768	817	FALSE		
1176	geven	to give	memberikan	751	769	818	TRUE	give	
1177	aanreiken	to hand, to pass	menyampaikan	-	-	819	FALSE		
1178	aannemen	to accept	menerima	-	-	820	FALSE		
1179	nemen	to take	mengambil	752	770	821	FALSE		
1180	halen	to get	pergi mengambil	755	773	822	FALSE		
1181	wegnemen, weghalen	to take away	mengangkat (pergi)	-	-	823	FALSE		
1182	meenemen (in de zin van wegbrengen)	to take along	membawa pergi	-	-	824	FALSE		
1183	meenemen (in de zin van meebrengen)	to bring	membawa serta	-	-	825	FALSE		
1184	begeleiden	to accompany	menyertai, mengiringi	-	-	826	FALSE		
1185	vasthouden, vastpakken	to grip, to hold, to seize	memegang	-	-	827	TRUE	hold	
1186	aan de hand leiden	to lead by the hand	menuntun	-	-	828	FALSE		
1187	maken, doen	to make, to do	membuat	-	-	829	FALSE		
1188	in orde maken, klaar maken	to prepare, to make ready	menyediakan, menyiapkan	-	-	830	FALSE		
1189	wassen (van eetgerei)	to wash up (dishes, spoons, etc.)	mencuci (peralatan makanan)	-	-	831	FALSE		
1190	wassen (van kleren)	to wash (clothes)	mencuci (pakaian)	-	-	832	FALSE		
1191	zich het gezicht wassen	to wash (face)	mencuci (muka)	-	-	833	FALSE		
1192	zich het haar wassen	to wash (hair)	mencuci (rambut)	-	-	834	FALSE		
1193	kennen	to know	tahu, mengetahui kenal	753	771	835	TRUE	know, to	
1194	denken	to think	berpikir	150	155	836	TRUE	think, to	
1195	weten	to know	tahu, mengetahui	151	156	837	TRUE	know, to	
1196	zich herinneren	to remember	mengingat, mengenang	152	157	838	FALSE		
1197	vergeten zijn	to have forgotten something	lupa	153	158	839	FALSE		
1198	ontkennen	to deny	menyangkal	154	159	840	FALSE		
1199	bekennen	to confess	mengaku	155	160	841	FALSE		
1200	zwijgen	to be silent	diam	156	161	842	FALSE		
1201	prevelen	to mumble	komat-kamit	157	162	-	FALSE		
1202	spreken	to speak	berbicara	132	134	843	TRUE	speak	
1203	zingen	to sing	bernyanyi	146	151	844	TRUE	sing	
1204	fluisteren	to whisper	berbisik-bislk	-	-	845	FALSE		
1205	zeggen	to say	berkata	-	-	846	TRUE	say	
1206	roepen	to call	memanggil	147	152	847	FALSE		
1207	schelden	to abuse, to scold	memaki	-	-	848	FALSE		
1208	kunnen	to be able to	dapat, sanggup	754	772	849	FALSE		
1209	mogen	to be allowed	boleh, diperbolehkan	-	-	-	FALSE		
1210	werken	to work	bekerja	756	774	851	TRUE	work	
1211	dragen (op de schouder)	to shoulder	memikul	130	132	852	FALSE		
1212	dragen (op het hoofd)	to carry on the head	menjunjung (di atas kepala)	130	132	852	FALSE		originally: menjujung (typo).
1213	dragen (aan de hangende hand)	to carry something hanging from the hand	menjinjing	130	132	852	FALSE		
1214	dragen (op de heup)	to carry on the hip	menggendong, mendukung	130	132	852	FALSE		
1215	dragen (onder de oksel)	to carry under the arm	mengepit	-	132	852	FALSE		
1216	dragen (in de hand)	to carry in the hand	membawa (menggenggam)	-	132	852	FALSE		
1217	dragen (op de rug met banden over de schouders of hoofd)	to carry on the back (with strap over the shoulder or head)	memgambin	-	-	852	FALSE		this form is not found in KBBI or Kamus Dewan.
1218	dragen (in de draagsarong)	to carry in a sarong	menggendong dalam sarung	-	-	852	FALSE		
1219	dragen (met twee of meer op de schouders)	to carry	menggotong, mengusung	-	-	852	FALSE		
1220	dragen (op de rug)	to carry on the back	memikul (di punggung)	130	132	-	FALSE		
1221	dragen (voor de buik)	to carry in front of oneself	menggendong di muka (memeluk)	130	132	-	FALSE		
1211-1214/1220/1221	dragen <unsp.>			130	-	-	FALSE		
1211-1216/1220/1221	dragen <unsp.>			-	132	-	FALSE		
1211-1219	dragen <unsp.>			-	-	852	FALSE		
1222	waken	to wake, to watch	berjaga (dgn. sengaja tidak tidur)	757	775	853	FALSE		
1223	wakker zijn	to be awake	bangun, terjaga, tidak tidur	757	775	-	FALSE		
1224	bewaken	to guard, to watch	menjaga	757	775	854	FALSE		
1222-1224	(be)waken <unsp.>	to watch, to guard	menjaga	757	775	-	FALSE		
1225	loeren	to spy	mengintai	758	776	-	FALSE		
1226	wachten	to wait	menunggu	-	-	855	FALSE		
1227	horen	to hear	mendengar	-	777	856	TRUE	hear	
1228	zien	to see	melihat	-	778	857	TRUE		
1229	ruiken	to smell	mencium	-	779	858	TRUE	smell	
1230	voelen	to feel	merasai	-	-	859	FALSE		
1231	tasten	to feel, to touch	meraba	-	-	860	FALSE		
1232	proeven	to taste	mencicipi	-	-	861	FALSE		
1233	slurpen	to slurp	menghirup	-	780	862	FALSE		
1234	snuiten	to blow the nose	membuang ingus	-	781	-	FALSE		
1235	zuigen	to suck	menghisap	-	-	863	TRUE	suck	
1236	kussen	to kiss	mengecup	-	782	864	FALSE		
1237	snuiven	to sniff	mengendus	-	782	-	FALSE		
1236/1237	kussen, snuiven <unsp.>			-	782	-	FALSE		
1238	liefhebben (iemd.)	to love	mencintai, mengasihi	158	163	865	FALSE		
1239	haten	to hate	benci	159	164	-	FALSE		
1240	jaloers	jealous	cemburu, iri hati	160	165	-	FALSE		
1241	goedvinden	to approve	menyetujui, membenarkan	-	-	866	FALSE		
1242	wensen	to wish	mengharapkan	772	798	-	FALSE		
1243	willen	to want	hendak	772	798	867	FALSE		
1244	iets willen	to want something	menghendaki sesuatu	772	798	-	FALSE		
1242-1244	wensen, willen, iets willen <unsp.>	wish, want, want something	berharap, ingin, menginginkan sesuatu	772	798	-	FALSE		
1245	openen	to open	membuka	760	784	868	FALSE		
1246	dicht doen	to close	menutup	761	785	869	FALSE		
1247	afsnijden	to cut off	memotong	-	-	870	FALSE		
1248	vermeerderen	to multiply, to add, to increase	mengalikan, menambah, memperbanyak	-	-	871	FALSE		adding the Indonsian for to multiply
1249	springen	to spring, to jump	melompat	-	-	872	FALSE		
1250	naar beneden springen	to jump down	melompat ke bawah, terjun	-	-	873	FALSE		
1251	raken	to hit, to touch	mengenai, menyentuh	763	787	874	TRUE	hit	
1252	geraakt, getroffen	hit, touched	kena	-	-	875	FALSE		
1253	breken (doorbreken v.e. stok e.derg.)	to break (a stick)	mematahkan (tongkat)	-	-	876	FALSE		
1254	doorbreken (v.e. touw e.derg.)	to break (a rope)	memutuskan (tali)	-	-	876	FALSE		
1255	breken (in stukken breken)	to shatter	memecahkan	-	-	876	FALSE		
1253-1255	breken <unsp.>			764	788	876	FALSE		
1256	gebroken (doorbreken v. e. stok e.derg.)	broken (a stick)	patah (tongkat)	-	-	877	FALSE		
1257	gebroken (v.e. touw e.derg.)	broken (rope)	putus (tali)	-	-	877	FALSE		
1258	gebroken (in stukken gebroken)	shattered	pecah	-	-	877	FALSE		
1254-1258	gebroken <unsp.>			-	-	877	FALSE		
1259	knijpen, persen	to pinch, to squeeze	menjepit, menekan	-	789	878	TRUE	squeeze	
1260	beginnen (overg.)	to begin (tr.)	mulai (tr.)	765	790	879	FALSE		
1261	beginnen (onoverg.)	to begin (intr.)	mulai (intr.)	765	790	879	FALSE		
1260/1261	beginnen <unsp.>	to start	mulai	765	790	879	FALSE		
1262	eindigen (overg.)	to finish (tr.)	menyudahi (tr.)	766	791	880	FALSE		
1263	eindigen (onoverg.)	to finish (intr.)	berhenti, selesai (intr.)	766	791	880	FALSE		
1262/1263	eindigen <unsp.>	to end	berakhir	766	791	880	FALSE		
1264	binden (op allerlei wijzen)	to bind, to tie	mengikat	767	792	881	TRUE	tie	
1265	verbergen (iets)	to hide (something to hide)	menyembunyikan (sesuatu)	768	793	882	FALSE		
1266	zich verbergen	to hide	bersembunyi	768	793	883	FALSE		
1265/1266	verbergen, zich verbergen <unsp.>	to hide	menyembunyikan	768	793	-	FALSE		
1267	vragen	to ask	bertanya	148	153	884	FALSE		
1268	antwoorden	to answer	menjawab	149	154	885	FALSE		
1269	vragen om iets	to ask for	meminta	769	794	886	FALSE		
1270	weigeren	to refuse	menolak	770	795	887	FALSE		
1271	bedriegen	to cheat, to deceive	menipu	771	796	888	FALSE		
1272	liegen	to tell lies	berdusta	-	797	889	FALSE		
1273	stelen	to steal	mencuri	-	-	890	FALSE		
1274	weggooien	to throw away	membuang	-	-	891	TRUE	throw	
1275	gooien, werpen	to throw	melempar, melontar	-	-	892	TRUE	throw	
1276	verbranden (overg.)	to burn (tr.)	membakar (tr.)	759	783	893	TRUE	burn	
1277	branden (onoverg.)	to burn (intr.)	sedang terbakar (intr.)	759	783	894	TRUE	burn	
1276/1277	verbranden (overg.) branden (onoverg.) <unsp.>	to burn	membakar	759	783	-	FALSE		
1278	graven	to dig	menggali	773	799	895	TRUE	dig	
1279	gaan	to go	pergi	-	-	896	FALSE		
1280	daarheen gaan	to go there	pergi ke sana	-	-	897	FALSE		
1281	uitzenden, bevelen	to send (out), to order, to command	menyuruh (pergi) memerintahkan	-	-	898	FALSE		
1282	zenden	to send	kirim (mengirim)	-	-	899	FALSE		
1283	komen	to come	datang	-	-	900	TRUE	come	
1284	aankomen	to arrive	tiba	674	688	901	FALSE		
1285	er aankomen	to be coming	datang kemari	-	-	902	FALSE		
1286	vertrekken	to depart	berangkat	675	690	903	FALSE		
1287	ontmoeten	to meet	berjumpa dengan	-	-	904	FALSE		
1288	elkaar ontmoeten	to meet one another	saling berjumpa	-	-	905	FALSE		
1289	verzamelen	to collect	mengumpulkan	-	-	906	FALSE		
1290	zich verzamelen	to gather, to meet	berkumpul	-	-	906	FALSE		
1289/1290	verzamelen zich verzamelen <unsp.>			-	-	906	FALSE		
1291	slaan (op allerlei wijzen, bv. met de vlakke hand, met een stok, met een buigzaam, voorwerp enz.)	to hit (to beat, to slap, etc.)	memukul (menampar meninju dll.)	792	694/786	907	TRUE	hit	
1292	wreken	to take revenge	membalas dendam	681	696	908	FALSE		
1293	een	one	satu	870	885	909	TRUE		
1294	twee	two	dua	871	886	910	TRUE		
1295	drie	three	tiga	872	887	911	TRUE		
1296	vier	four	empat	873	888	912	TRUE		enpat (typo)
1297	vijf	five	lima	874	889	913	TRUE		
1298	zes	six	enam	875	890	914	TRUE		
1299	zeven	seven	tujuh	876	891	915	TRUE		
1300	acht	eight	delapan	877	892	916	TRUE		
1301	negen	nine	sembilan	878	893	917	TRUE		
1302	tien	ten	sepuluh	879	894	918	TRUE		
1303	elf	eleven	sebelas	880	895	919	TRUE		
1304	twaalf	twelve	dua belas	881	896	920	TRUE		
1305	dertien	thirteen	tiga belas	882	897	921	FALSE		
1306	veertien	fourteen	empat belas	883	-	921	FALSE		
1305/1306	dertien, veertien <unsp.>			-	-	921	FALSE		
1307	vijftien	fifteen	lima belas	884	-	-	FALSE		
1308	zestien	sixteen	enam belas	885	-	-	FALSE		
1309	zeventien	seventeen	tujuh belas	886	-	-	FALSE		
1310	achttien	eighteen	delapan belas	887	898	-	FALSE		
1311	negentien	nineteen	sembilan belas	888	899	922	FALSE		
1312	twintig	twenty	dua puluh	889	900	923	TRUE		
1313	eenentwintig	twenty one	dua puluh satu	890	901	-	FALSE		
1314	eenentwintig, tweentwintig, etc.	twenty one, twenty two, etc.	dua puluh satu, dua puluh dua, dst.	-	-	924	FALSE		
1315	vijfentwintig	twenty five	dua puluh lima	891	902	-	FALSE		
1316	dertig	thirty	tiga puluh	892	903	925	FALSE		
1317	veertig	fourty	empat puluh	893	904	926	FALSE		
1318	vijftig	fifty	lima puluh	894	905	927	FALSE		
1319	zestig	sixty	enam puluh	895	906	928	FALSE		
1320	zeventig	seventy	tujuh puluh	-	-	929	FALSE		
1321	tachtig	eighty	delapan puluh	-	-	930	FALSE		
1322	negentig	ninety	sembilan puluh	-	-	931	FALSE		
1323	honderd	hundred	seratus	896	907	932	TRUE		
1324	duizend	thousand	seribu	897	908	933	TRUE		
1325	tienduizend	ten thousand	sepuluh ribu	898	909	934	FALSE		
1326	een half	a half	setengah	899	910	935	FALSE		
1327	een kwart	a quarter	seperempat	900	911	936	FALSE		
1328	eenmaal	once	sekali	901	912	937	FALSE		
1329	tweemaal	twice	dua kali	902	913	938	FALSE		
1330	de eerste (van ruimtelijke opeenvolging)	first (in space)	pertama	-	-	939	FALSE		
1331	de eerste (van een opeenvolging in de tijd)	first (in time)	pertama kali	-	-	939	FALSE		
1330/1331	de eerste <unsp.>	the first	pertama	903	914	939	FALSE		
1332	de tweede (van een ruimtelijke opeenvolging)	second (in space)	kedua	-	-	940	FALSE		
1333	de tweede (van een opeenvolging in de tijd)	second (in time)	kedua kali	-	-	940	FALSE		
1332/1333	de tweede <unsp.>	the second	kedua	904	915	940	FALSE		
1334	de derde (van een ruimtelijke opeenvolging)	third (in space)	ketiga	-	-	941	FALSE		
1335	de derde (van een opeenvolging in de tijd)	third (in time)	ketiga kali	-	-	941	FALSE		
1334/1335	de derde <unsp.>			-	-	941	FALSE		
1336	de laatste (van een ruimtelijke opeenvolging)	the last (in space)	terakhir	-	-	942	FALSE		
1337	de laatste (van een opeenvolging in de tijd)	the last (in time)	terakhir kali	-	-	942	FALSE		
1336/1337	de laatste <unsp.>	the last	yang terakhir	905	916	942	FALSE		
1338	hoeveel	how much, how many	berapa	825	842	943	FALSE		
1339	veel	many, much	banyak	826	843	944	TRUE	many	
1340	weinig	few, a little	sedikit	827	844	945	TRUE	few	
1341	op	finished	habis	823	840	946	FALSE		
1342	er zijn	there are	ada	-	-	947	FALSE		
1343	er niet zijn	there are not	tidak ada	-	-	948	FALSE		
1344	er is iets	there is something	ada apa-apa	-	-	949	FALSE		
1345	er is niets	there is nothing	tidak ada apa-apa	-	-	950	FALSE		
1346	er is niets meer	there is nothing left	tidak ada apa-apa lagi	-	-	951	FALSE		
1347	meer	more	lebih	828	845	952	FALSE		
1348	meest	most	paling	828	845	-	FALSE		nest (typo)
1347/1348	meer, meest <unsp.>			828	845	-	FALSE		
1349	minder	less	kurang	829	846	953	FALSE		
1350	alle, alles	all	semua	830	847	954	TRUE		
1351	geheel	whole	sama sekali	-	-	955	FALSE		
1352	samen	together	bersama-sama	-	-	956	FALSE		
1353	gelijk	alike, similar	mirip, sama	-	-	957	FALSE		
1354	genoeg	enough	cukup	-	-	958	FALSE		
1355	enige	only, some	satu-satunya, beberapa	-	-	959	FALSE		switch the order of the Indonesian
1356	enkele	a few, some	beberapa	832	849	-	TRUE	some	
1357	ik	I	saya	837	853	960	TRUE		
1358	ik zelf	I myself	saya sendiri	-	858	961	FALSE		
1359	gij (enk.) <jij>	you (sing.)	kamu, engkau	838	854	962	TRUE	thou	
1360	gij (meerv.) <jullie>	you (pl.)	kamu sekalian	842	-	-	TRUE	ye	
1361	gij (met uitsluiting v.afwezigen)	you all (excluding those absent)	kamu sekalian (tidak termasuk yang tidak hadir)	843	-	-	FALSE		
1362	gijlieden	you	kamu sekalian	844	859	966	FALSE		
1363	hij	he	ia, kata ganti orang ke III tunggal (laki-laki)	839	855	963	TRUE		
1364	zij	she	ia, kata ganti orang ke III tunggal (perempuan)	-	-	963	TRUE		
1363/1364	hij, zij <unsp.>			-	-	963	FALSE		
1365	wij (met insluiting der toegesproken persoon)	we (inclusive)	kita (kata ganti orang ke II jamak)	840	856	964	TRUE	we (incl.)	
1366	wij (met uitsluiting der toegesproken persoon)	we (exclusive)	kami (kata ganti orang ke II jamak)	841	857	965	TRUE	we (excl.)	
1367	zij (meerv. female)	they (female)	mereka, kata ganti orang ke III jamak (perempuan)	-	-	967	TRUE	they	
1368	zij (meerv.male)	they (male)	mereka, kata ganti orang ke III jamak (laki-laki)	-	-	967	TRUE	they	
1364/1367/1368	zij <unsp.>	they	mereka	845	860	-	FALSE		
1367/1368	zij <unsp.>			-	-	967	FALSE		
1369	mijn (enk.)	my (sing.)	kata ganti empunya orang ke I tunggal	846	861	968	FALSE		
1370	mijn (meerv.)	my (pl.)	kata ganti empunya orang ke I jamak	846	861	-	FALSE		
1369/1370	mijn <unsp.>	mine	kata ganti empunya orang ke I	846	861	-	FALSE		
1371	ons	our (inclusive)	kata ganti empunya orang ke I jamak (inclusive)	-	-	969	FALSE		
1372	onze	our (exclusive)	kata ganti empunya orang ke I jamak (exclusive)	-	-	969	FALSE		
1371/1372	ons, onze <unsp.>			-	-	969	FALSE		
1373	uw (enk.)	your (sing.)	kata ganti empunya orang ke II tunggal	847	862	970	FALSE		
1374	uw (meerv.)	your (pl.)	kata ganti empunya orang ke II jamak	847	862	970	FALSE		
1373/1374	uw <unsp.>	your	kata ganti empunya orang ke II	847	862	970	FALSE		
1375	hun (vrouw)	their (female)	kata ganti empunya orang ke III jamak (perempuan)	-	-	971	FALSE		
1376	hun (man)	their (male)	kata ganti empunya orang ke III jamak (laki-laki)	-	-	971	FALSE		
1375/1376	hun <unsp.>	their	kata ganti empunya orang ke III jamak	848	863	971	FALSE		
1377	haar	her	kata ganti empunya orang ke III tunggal (perempuan)	-	-	972	FALSE		
1378	zijn	his	kata ganti empunya orang ke III tunggal (laki-laki)	849	864	972	FALSE		
1377/1378	haar, zijn <unsp.>	her, his	kata ganti empunya orang ke III tunggal	-	-	972	FALSE		
1379	wie	who?	siapa	850	865	973	TRUE	who	
1380	wat	what?	apa	851	866	974	TRUE	what	
1381	welk huls	which house?	rumah mana	-	-	975	FALSE		
1382	welke	which?	mana, (yang) mana	852	867	-	FALSE		
1383	deze	this	ini	853	868	976	TRUE		
1384	die (bij U)	that	itu	-	-	977	TRUE		
1385	die (dicht bij)	that (nearby)	itu (dekatmu)	854	869	-	FALSE		
1386	die (veraf)	that (faraway)	itu (di sana)	854	869	-	TRUE	that	
1385/1386	die <unsp.>	that	itu	854	869	-	FALSE		
1387	gindse	overthere, yonder	itu (di sana)	-	-	978	FALSE		
1388	hier	here	di sini	855	870	979	TRUE		
1389	daar (bij U)	there (near hearer)	di situ (di sebelah pendengar)	856	871	980	FALSE		
1390	ginds	there	di sana	-	-	981	TRUE		
1391	die (betrekkelijk voornaamwoord)	which, who, that	yang	-	-	982	FALSE		
1392	vroeg	early, soon	pagi, segera	779	-	-	FALSE		
1393	laat	late	terlambat	780	-	-	FALSE		
1394	dag (en tijden van dag)	day	hari	781	805	983	TRUE		
1395	week	week	mlnggu	782	-	-	FALSE		
1396	dagen der week	the day of the week	hari-hari dalam satu minggu	783	-	-	FALSE		
1397	daglicht	daylight	siang	-	-	984	FALSE		
1398	licht	light	sinar	292	294	985	FALSE		
1399	uur	hour	jam	786	-	-	FALSE		
1400	etmaal	twenty four hours	sehari semalam	788	-	-	FALSE		
1401	nacht, nachtelijk duister	night (darkness)	malam	-	-	986	TRUE	night	
1402	nacht (en tijden van nacht)	night (time of the night)	malam	787	808	-	TRUE	night	
1403	donker	dark	gelap	-	-	987	FALSE		
1404	droge tijd	dry season	musim kemarau, musing kering	-	-	988	FALSE		
1405	natte tijd	rainy season, wet season	musim hujan	-	-	989	FALSE		
1406	jaar	year	tahun	785	807	990	TRUE		
1407	moesson	monsoon	musim	789	809	-	FALSE		
1408	nu	now	sekarang	790	810	991	FALSE		
1409	straks	shortly	sebentar lagi	791	811	992	FALSE		
1410	thans	now, at present	kini	792	-	-	FALSE		
1411	vroeger	formerly	tempo hari	793	812	993	FALSE		
1412	voor (v.plaats)	before (place)	di muka	794	813	-	FALSE		
1413	voor (v.tijd)	before (time)	sebelum	794	813	-	FALSE		
1412/1413	voor <unsp.>	before	sebelum	794	813	-	FALSE		
1414	voorheen	formerly	dahulu kala	795	-	-	FALSE		
1415	later	later	kelak	-	-	994	FALSE		
1416	zoe_ven	a moment ago	tadi	797	815	995	FALSE		
1417	eventjes, een ogenblikje	a moment	seketika, sebentar	-	-	996	FALSE		
1418	gisteren	yesterday	kemarin	798	816	997	FALSE		
1419	eergisteren	the day before yesterday	kemarin dulu	799	817	998	FALSE		
1420	vandaag	today	hari ini	800	818	999	FALSE		
1421	vanmorgen	this morning	tadi pagi	-	-	1000	FALSE		
1422	morgen	tomorrow	besok	801	819	1001	FALSE		
1423	overmorgen	the day after tomorrow	lusa	802	820	1002	FALSE		
1424	ochtend	morning	pagi hari	-	-	1003	FALSE		
1425	avond	evening	petang hari	-	-	1004	FALSE		
1426	nu en dan	now and then, occasionally	kadang-kadang	803	821	1005	FALSE		
1427	wanneer	when	kapan, bilamana	835	851	1006	TRUE		
1428	reeds	already	sudah	805	823	1007	FALSE		
1429	nog niet	not yet	belum	806	824	1008	FALSE		
1430	niet meer	not again	tidak lagi	-	-	1009	FALSE		
1431	noord	north	utara	807	825	1010	FALSE		
1432	zuid	south	selatan	808	826	1011	FALSE		
1433	oost	east	timur	809	827	1012	FALSE		
1434	west	west	barat	810	828	1013	FALSE		
1435	links	left	kiri	775	801	1014	TRUE	left (side)	
1436	rechts	right	kanan	776	802	1015	TRUE	right (side)	
1437	boven, op	up, upper, above	di atas	811	829	1016	FALSE		
1438	op de weg	on the road	di jalan	-	-	1017	FALSE		
1439	van boven	from above	dari atas	812	830	1018	FALSE		
1440	onder	under	di bawah	813	831	1019	FALSE		
1441	van onderen	from underneath	dari bawah	814	832	1020	FALSE		
1442	van-tot (v.plaats)	from-to (place)	dari-hingga (tempat)	-	-	1021	FALSE		
1443	van-tot (v.tijd)	from-to (time)	dari-hingga (waktu)	-	-	1021	FALSE		
1442/1443	van-tot <unsp.>			804	822	1021	FALSE		
1444	beneden	below, beneath	bawah	815	-	-	FALSE		
1445	bij	at	di, pada	816	833	1022	TRUE		
1446	van	from	dari	817	834	-	FALSE		
1447	tot	until	hingga	818	835	-	FALSE		
1448	te	at, in	di	819	836	1022	TRUE	at	
1449	aan	on	di	820	837	1022	FALSE		
1450	in	in, inside	di (dalam)	821	838	1022	TRUE	in	
1445/1448-1450	bij, te, in, aan <unsp.>			-	-	1022	FALSE		
1451	uit	out, outside	luar, (di) luar	822	839	-	FALSE		
1452	nabij	nearby	di dekat, di	774	800	1023	TRUE	near	
1453	veraf	far	jauh	777	803	1024	TRUE		
1454	rondom	around, surrounding	se-kellling	778	804	1025	FALSE		
1455	buiten	outside	luar, di luar	-	-	1026	FALSE		
1456	naar buiten, er uit komen	to go outside	(pergi) ke luar	-	-	1027	FALSE		
1457	binnen	inside, within	di dalam	-	-	1028	FALSE		
1458	binnengaan	to go inside	memasuki, masuk	-	-	1029	FALSE		
1459	vele	many	banyak	833	-	-	TRUE		
1460	waar	where	di mana	834	850	1030	TRUE		
1461	hoe	how	bagaimana	824	841	1031	TRUE		
1462	zo	like this, like that	begini, begitu	796	814	-	FALSE		
1463	zo (als dit)	like this	begini	-	-	1032	FALSE		
1464	zo (als dat)	like that	begitu	-	-	1033	FALSE		
1465	waarom	why	mengapa	836	852	1034	FALSE		
1466	zeker	certainly, sure	pasti	857	872	-	FALSE		
1467	misschien	maybe	barangkali	858	873	1035	FALSE		
1468	zeer, erg	very	sangat	-	-	1036	FALSE		
1469	en	and	dan	859	874	1037	TRUE		
1470	met	with	dengan	860	875	1038	TRUE		
1471	neen	no	tidak	861	876	1039	FALSE		
1472	ja	yes	ya	862	877	1040	FALSE		
1473	niet (tidak)	not, no	tidak	-	-	1041	TRUE	not	
1474	niet (bukan)	not, no	bukan	863	878	1041	TRUE	not	
1475	niet (jangan)	not, no	jangan	863	878	1041	TRUE	not	
1473-1475	niet <unsp.>	not	tidak, bukan, jangan	863	878	1041	FALSE		
1476	wel, ja wel	yes, right, indeed	ya, benar, betul	864	879	-	FALSE		
1477	slechts	only	hanya	865	880	1042	FALSE		
1478	bijna	almost	hampir	867	882	1043	FALSE		
1479	maar	but	tetapi	866	881	-	FALSE		
1480	echter, maar	however, nevertheless	tetapi, meskipun	-	-	1044	FALSE		
1481	echter	however, nevertheless	walaupun, meskipun	868	883	-	FALSE		
1482	toch	yet, still	toh, namun	869	884	-	FALSE		
1483	indien	if	kalau	-	-	1045	TRUE		
1484	ofschoon	although	meskipun	-	-	1046	FALSE		
1485	omdat	because	karena, sebab	-	-	1047	TRUE		
1486	geen	no, not a, none	tidak, tidak ada, bukan	831	848	-	FALSE		